../maps/warehouse_small.map,PIBT,50,1000,1,0,1.425,0.01792,1,0,0,0,0.0347985,2.0025,10,5,30,10
../maps/warehouse_small.map,PIBT,50,1000,2,0,1.402,0.0205,5,0,0,0,0.0174414,2.05874,10,5,30,10
../maps/warehouse_small.map,PIBT,50,1000,3,0,1.394,0.0194,1,0,0,0,0.0117497,2.17844,10,5,30,10
../maps/warehouse_small.map,PIBT,50,1000,5,0,1.423,0.01936,2,0,0,0,0.0135171,2.09007,10,5,30,10
../maps/warehouse_small.map,PIBT,50,1000,4,0,1.449,0.01828,1,0,0,0,0.0129969,2.27587,10,5,30,10
../maps/warehouse_small.map,H-PIBT,50,1000,1,0,1.466,0.00914,0,0,0,0,0.0137599,2.42025,10,5,30,10
../maps/warehouse_small.map,H-PIBT,50,1000,2,0,1.523,0.01004,0,0,0,0,0.0140775,2.14672,10,5,30,10
../maps/warehouse_small.map,H-PIBT,50,1000,3,0,1.484,0.00864,0,0,0,0,0.0134852,2.01435,10,5,30,10
../maps/warehouse_small.map,H-PIBT,50,1000,4,0,1.476,0.00986,0,0,0,0,0.0132458,2.23821,10,5,30,10
../maps/warehouse_small.map,H-PIBT,50,1000,5,0,1.467,0.00964,0,0,0,0,0.0134105,2.05533,10,5,30,10
../maps/warehouse_small.map,WPP,50,1000,1,0,1.334,0.13318,0,0,0,0,0.217753,2.08269,10,5,30,10
../maps/warehouse_small.map,WPP,50,1000,2,0,1.346,0.12958,0,0,0,0,0.215205,1.83128,10,5,30,10
../maps/warehouse_small.map,WPP,50,1000,3,0,1.317,0.13204,0,0,0,0,0.223745,2.06504,10,5,30,10
../maps/warehouse_small.map,WPP,50,1000,4,0,1.338,0.13182,0,0,0,0,0.215335,1.7951,10,5,30,10
../maps/warehouse_small.map,WPP,50,1000,5,0,1.33,0.132,0,0,0,0,0.337625,1.91833,10,5,30,10
../maps/warehouse_small.map,CA-PIBT,50,1000,1,0,1.478,0.00816,0,0,0,0,0.227204,2.37622,10,5,30,10
../maps/warehouse_small.map,CA-PIBT,50,1000,2,0,1.465,0.00912,0,0,0,0,0.243811,2.04206,10,5,30,10
../maps/warehouse_small.map,CA-PIBT,50,1000,3,0,1.472,0.00832,0,0,0,0,0.225571,2.06068,10,5,30,10
../maps/warehouse_small.map,CA-PIBT,50,1000,4,0,1.489,0.00874,0,0,0,0,0.220712,1.92135,10,5,30,10
../maps/warehouse_small.map,CA-PIBT,50,1000,5,0,1.456,0.00818,0,0,0,0,0.224063,2.1414,10,5,30,10
../maps/warehouse_small.map,CA-PIBT-noRecover,50,1000,1,0,1.478,0.00816,0,0,0,0,0.222148,2.37622,10,5,30,10
../maps/warehouse_small.map,CA-PIBT-noRecover,50,1000,2,0,1.465,0.00912,0,0,0,0,0.219859,2.04206,10,5,30,10
../maps/warehouse_small.map,CA-PIBT-noRecover,50,1000,3,0,1.472,0.00832,0,0,0,0,0.225702,2.06068,10,5,30,10
../maps/warehouse_small.map,CA-PIBT-noRecover,50,1000,4,0,1.489,0.00874,0,0,0,0,0.214252,1.92135,10,5,30,10
../maps/warehouse_small.map,CA-PIBT-noRecover,50,1000,5,0,1.456,0.00818,0,0,0,0,0.224164,2.1414,10,5,30,10
../maps/warehouse_small.map,CA-PIBT-noHighway,50,1000,1,0,1.489,0.01078,0,0,0,0,0.163013,2.04245,10,5,30,10
../maps/warehouse_small.map,CA-PIBT-noHighway,50,1000,2,0,1.502,0.01098,0,0,0,0,0.164739,2.34913,10,5,30,10
../maps/warehouse_small.map,CA-PIBT-noHighway,50,1000,3,0,1.521,0.01206,0,0,0,0,0.162383,2.91266,10,5,30,10
../maps/warehouse_small.map,CA-PIBT-noHighway,50,1000,4,0,1.501,0.01112,1,1,0,0,0.163775,2.04441,10,5,30,10
../maps/warehouse_small.map,CA-PIBT-noHighway,50,1000,5,0,1.508,0.01054,0,0,0,0,0.157947,2.63332,10,5,30,10
../maps/warehouse_small.map,H-PIBT+Recover,50,1000,1,0,1.466,0.00914,0,0,0,0,0.208594,2.42025,0,0,30,10
../maps/warehouse_small.map,H-PIBT+Recover,50,1000,2,0,1.523,0.01004,0,0,0,0,0.196775,2.14672,0,0,30,10
../maps/warehouse_small.map,H-PIBT+Recover,50,1000,3,0,1.484,0.00864,0,0,0,0,0.208617,2.01435,0,0,30,10
../maps/warehouse_small.map,H-PIBT+Recover,50,1000,4,0,1.476,0.00986,0,0,0,0,0.206772,2.23821,0,0,30,10
../maps/warehouse_small.map,PIBT,100,1000,1,0,2.447,0.04535,22,0,0,0,0.0247179,2.18383,10,5,30,10
../maps/warehouse_small.map,PIBT,100,1000,2,0,2.539,0.04522,15,0,0,0,0.0255497,2.2086,10,5,30,10
../maps/warehouse_small.map,PIBT,100,1000,3,0,2.521,0.04575,16,0,0,0,0.0293916,2.34647,10,5,30,10
../maps/warehouse_small.map,PIBT,100,1000,4,0,2.457,0.04865,25,0,0,0,0.0254223,2.13192,10,5,30,10
../maps/warehouse_small.map,H-PIBT+Recover,50,1000,5,0,1.467,0.00964,0,0,0,0,0.209443,2.05533,0,0,30,10
../maps/warehouse_small.map,PIBT,100,1000,5,0,2.495,0.04718,14,0,0,0,0.0246419,2.06579,10,5,30,10
../maps/warehouse_small.map,H-PIBT,100,1000,1,0,2.809,0.02422,0,0,0,0,0.0283474,2.22304,10,5,30,10
../maps/warehouse_small.map,H-PIBT,100,1000,2,0,2.807,0.02334,0,0,0,0,0.0278729,2.16451,10,5,30,10
../maps/warehouse_small.map,H-PIBT,100,1000,3,0,2.776,0.02229,1,0,0,0,0.0272599,2.36694,10,5,30,10
../maps/warehouse_small.map,H-PIBT,100,1000,4,0,2.846,0.02265,1,0,0,0,0.0279672,2.0021,10,5,30,10
../maps/warehouse_small.map,H-PIBT,100,1000,5,0,2.819,0.02218,0,0,0,0,0.0269857,2.00347,10,5,30,10
../maps/warehouse_small.map,WPP,100,1000,1,0,2.528,0.1356,0,0,0,0,0.536732,1.89251,10,5,30,10
../maps/warehouse_small.map,WPP,100,1000,2,0,2.517,0.1387,0,0,0,0,0.548436,1.93419,10,5,30,10
../maps/warehouse_small.map,WPP,100,1000,4,0,2.583,0.13901,1,0,0,0,0.543289,1.71496,10,5,30,10
../maps/warehouse_small.map,WPP,100,1000,3,0,2.071,0.30217,55,0,0,0,1.18782,6.93296,10,5,30,10
../maps/warehouse_small.map,WPP,100,1000,5,0,2.077,0.30547,41,0,0,0,1.06118,7.99106,10,5,30,10
../maps/warehouse_small.map,CA-PIBT,100,1000,1,0,2.861,0.01652,0,0,0,0,0.482976,2.03418,10,5,30,10
../maps/warehouse_small.map,CA-PIBT,100,1000,2,0,2.88,0.01866,0,0,0,0,0.457343,2.25832,10,5,30,10
../maps/warehouse_small.map,CA-PIBT,100,1000,3,0,2.844,0.01722,0,0,0,0,0.467967,2.1039,10,5,30,10
../maps/warehouse_small.map,CA-PIBT,100,1000,4,0,2.855,0.01799,0,0,0,0,0.51044,2.23327,10,5,30,10
../maps/warehouse_small.map,CA-PIBT,100,1000,5,0,2.865,0.01856,0,0,0,0,0.643166,2.17888,10,5,30,10
../maps/warehouse_small.map,CA-PIBT-noRecover,100,1000,1,0,2.861,0.01652,0,0,0,0,0.486332,2.03418,10,5,30,10
../maps/warehouse_small.map,CA-PIBT-noRecover,100,1000,2,0,2.88,0.01866,0,0,0,0,0.460283,2.25832,10,5,30,10
../maps/warehouse_small.map,CA-PIBT-noRecover,100,1000,3,0,2.844,0.01722,0,0,0,0,0.458283,2.1039,10,5,30,10
../maps/warehouse_small.map,CA-PIBT-noRecover,100,1000,4,0,2.855,0.01799,0,0,0,0,0.459148,2.23327,10,5,30,10
../maps/warehouse_small.map,CA-PIBT-noRecover,100,1000,5,0,2.865,0.01856,0,0,0,0,0.45817,2.17888,10,5,30,10
../maps/warehouse_small.map,CA-PIBT-noHighway,100,1000,1,0,2.914,0.02416,5,5,0,0,0.347728,2.41255,10,5,30,10
../maps/warehouse_small.map,CA-PIBT-noHighway,100,1000,2,0,2.894,0.02311,2,2,0,0,0.350947,2.23078,10,5,30,10
../maps/warehouse_small.map,CA-PIBT-noHighway,100,1000,3,0,2.883,0.02372,2,2,0,0,0.345576,2.40855,10,5,30,10
../maps/warehouse_small.map,CA-PIBT-noHighway,100,1000,4,0,2.921,0.02179,0,0,0,0,0.341734,2.03615,10,5,30,10
../maps/warehouse_small.map,CA-PIBT-noHighway,100,1000,5,0,2.953,0.02245,1,1,0,0,0.339611,1.94656,10,5,30,10
../maps/warehouse_small.map,H-PIBT+Recover,100,1000,1,0,2.809,0.02422,0,0,0,0,0.448753,2.22304,0,0,30,10
../maps/warehouse_small.map,H-PIBT+Recover,100,1000,2,0,2.807,0.02334,0,0,0,0,0.435171,2.16451,0,0,30,10
../maps/warehouse_small.map,H-PIBT+Recover,100,1000,3,0,2.805,0.02292,2,2,0,0,0.468223,2.2951,0,0,30,10
../maps/warehouse_small.map,H-PIBT+Recover,100,1000,4,0,2.821,0.0251,1,1,0,0,0.447694,1.82371,0,0,30,10
../maps/warehouse_small.map,PIBT,150,1000,1,0,3.303,0.0837333,82,0,0,0,0.0413958,2.18012,10,5,30,10
../maps/warehouse_small.map,PIBT,150,1000,2,0,3.345,0.0811533,76,0,0,0,0.0388004,2.13151,10,5,30,10
../maps/warehouse_small.map,PIBT,150,1000,3,0,3.307,0.0821667,70,0,0,0,0.0391758,1.92989,10,5,30,10
../maps/warehouse_small.map,PIBT,150,1000,4,0,3.304,0.0847733,66,0,0,0,0.0408172,2.11643,10,5,30,10
../maps/warehouse_small.map,PIBT,150,1000,5,0,3.311,0.0846667,85,0,0,0,0.0394325,2.02022,10,5,30,10
../maps/warehouse_small.map,H-PIBT+Recover,100,1000,5,0,2.819,0.02218,0,0,0,0,0.444076,2.00347,0,0,30,10
../maps/warehouse_small.map,H-PIBT,150,1000,1,0,4.069,0.04024,0,0,0,0,0.0478595,2.23695,10,5,30,10
../maps/warehouse_small.map,H-PIBT,150,1000,2,0,4.082,0.0414867,4,0,0,0,0.0529171,2.07071,10,5,30,10
../maps/warehouse_small.map,H-PIBT,150,1000,3,0,4.039,0.0426467,3,0,0,0,0.0513814,1.99699,10,5,30,10
../maps/warehouse_small.map,H-PIBT,150,1000,4,0,3.987,0.0469267,4,0,0,0,0.054742,2.04375,10,5,30,10
../maps/warehouse_small.map,H-PIBT,150,1000,5,0,4,0.0427267,5,0,0,0,0.0446636,2.12812,10,5,30,10
../maps/warehouse_small.map,WPP,150,1000,1,0,2.361,0.443927,107,0,12,0,3.53549,8.07253,10,5,30,10
../maps/warehouse_small.map,WPP,150,1000,2,0,2.782,0.34898,86,0,15,0,3.30299,7.41313,10,5,30,10
../maps/warehouse_small.map,WPP,150,1000,3,0,1.839,0.54952,152,0,24065,0,15.2918,3.84436,10,5,30,10
../maps/warehouse_small.map,WPP,150,1000,5,0,3.482,0.19552,37,0,2,0,1.52843,3.56387,10,5,30,10
../maps/warehouse_small.map,CA-PIBT,150,1000,1,0,4.21,0.0287867,0,0,0,0,0.740004,2.0155,10,5,30,10
../maps/warehouse_small.map,WPP,150,1000,4,0,2.297,0.45376,134,0,8944,0,19.8312,7.15088,10,5,30,10
../maps/warehouse_small.map,CA-PIBT,150,1000,2,0,4.168,0.0295933,0,0,0,0,0.742634,2.03498,10,5,30,10
../maps/warehouse_small.map,CA-PIBT,150,1000,3,0,4.18,0.0277133,0,0,0,0,0.73635,2.22011,10,5,30,10
../maps/warehouse_small.map,CA-PIBT,150,1000,4,0,4.194,0.0288867,0,0,0,0,0.766286,2.22075,10,5,30,10
../maps/warehouse_small.map,CA-PIBT,150,1000,5,0,4.188,0.0287,1,1,0,0,0.73588,1.9984,10,5,30,10
../maps/warehouse_small.map,CA-PIBT-noRecover,150,1000,1,0,4.21,0.0287867,0,0,0,0,0.751651,2.0155,10,5,30,10
../maps/warehouse_small.map,CA-PIBT-noRecover,150,1000,2,0,4.168,0.0295933,0,0,0,0,0.741757,2.03498,10,5,30,10
../maps/warehouse_small.map,CA-PIBT-noRecover,150,1000,3,0,4.18,0.0277133,0,0,0,0,0.748692,2.22011,10,5,30,10
../maps/warehouse_small.map,CA-PIBT-noRecover,150,1000,4,0,4.194,0.0288867,0,0,0,0,0.743154,2.22075,10,5,30,10
../maps/warehouse_small.map,CA-PIBT-noRecover,150,1000,5,0,4.181,0.0291467,1,0,0,0,0.760555,2.03075,10,5,30,10
../maps/warehouse_small.map,CA-PIBT-noHighway,150,1000,1,0,4.151,0.0372333,18,18,0,0,0.586888,2.3452,10,5,30,10
../maps/warehouse_small.map,CA-PIBT-noHighway,150,1000,2,0,4.217,0.0376133,1,1,0,0,0.582322,2.11829,10,5,30,10
../maps/warehouse_small.map,CA-PIBT-noHighway,150,1000,3,0,4.177,0.0367533,9,9,0,0,0.5786,2.11892,10,5,30,10
../maps/warehouse_small.map,CA-PIBT-noHighway,150,1000,4,0,4.162,0.0397333,10,10,0,0,0.572184,2.11719,10,5,30,10
../maps/warehouse_small.map,CA-PIBT-noHighway,150,1000,5,0,4.164,0.0361667,10,10,0,0,0.554353,2.08704,10,5,30,10
../maps/warehouse_small.map,H-PIBT+Recover,150,1000,1,0,4.069,0.04024,0,0,0,0,0.689027,2.23695,0,0,30,10
../maps/warehouse_small.map,H-PIBT+Recover,150,1000,2,0,4.004,0.0450667,5,5,0,0,0.69674,1.79238,0,0,30,10
../maps/warehouse_small.map,H-PIBT+Recover,150,1000,3,0,3.992,0.04352,2,2,0,0,0.709682,1.96905,0,0,30,10
../maps/warehouse_small.map,H-PIBT+Recover,150,1000,4,0,4.007,0.0455533,3,3,0,0,0.689437,2.03416,0,0,30,10
../maps/warehouse_small.map,PIBT,200,1000,1,0,3.758,0.13098,293,0,0,0,0.0528923,2.00646,10,5,30,10
../maps/warehouse_small.map,PIBT,200,1000,2,0,3.731,0.134285,303,0,0,0,0.0536772,2.07508,10,5,30,10
../maps/warehouse_small.map,PIBT,200,1000,3,0,3.671,0.134395,310,0,0,0,0.0535475,2.08782,10,5,30,10
../maps/warehouse_small.map,H-PIBT+Recover,150,1000,5,0,4.072,0.0399667,1,1,0,0,0.718204,2.04414,0,0,30,10
../maps/warehouse_small.map,PIBT,200,1000,4,0,3.747,0.1309,281,0,0,0,0.0576636,1.97098,10,5,30,10
../maps/warehouse_small.map,PIBT,200,1000,5,0,3.707,0.135465,271,0,0,0,0.0542517,2.0196,10,5,30,10
../maps/warehouse_small.map,H-PIBT,200,1000,1,0,5.019,0.069795,21,0,0,0,0.0644642,1.94319,10,5,30,10
../maps/warehouse_small.map,H-PIBT,200,1000,2,0,4.989,0.0747,33,0,0,0,0.0644373,2.04987,10,5,30,10
../maps/warehouse_small.map,H-PIBT,200,1000,3,0,4.984,0.070495,23,0,0,0,0.061917,1.98837,10,5,30,10
../maps/warehouse_small.map,H-PIBT,200,1000,4,0,4.944,0.07406,31,0,0,0,0.0657334,2.00788,10,5,30,10
../maps/warehouse_small.map,H-PIBT,200,1000,5,0,4.962,0.07167,23,0,0,0,0.0604684,2.12695,10,5,30,10
../maps/warehouse_small.map,WPP,200,1000,2,0,2.962,0.447475,195,0,16074,0,29.8892,6.42136,10,5,30,10
../maps/warehouse_small.map,WPP,200,1000,1,0,2.242,0.574695,210,0,24593,0,36.0958,4.93416,10,5,30,10
../maps/warehouse_small.map,WPP,200,1000,3,0,1.59,0.66533,228,0,52262,0,26.7025,2.44694,10,5,30,10
../maps/warehouse_small.map,WPP,200,1000,4,0,2.923,0.43995,198,0,7480,0,36.4891,7.1419,10,5,30,10
../maps/warehouse_small.map,CA-PIBT,200,1000,1,0,5.373,0.040425,4,4,0,0,1.01851,2.08249,10,5,30,10
../maps/warehouse_small.map,CA-PIBT,200,1000,2,0,5.415,0.042095,4,4,0,0,1.0253,2.0927,10,5,30,10
../maps/warehouse_small.map,CA-PIBT,200,1000,3,0,5.408,0.04185,3,3,0,0,1.67398,2.02198,10,5,30,10
../maps/warehouse_small.map,WPP,200,1000,5,0,1.282,0.64315,249,0,40364,0,25.1823,3.27138,10,5,30,10
../maps/warehouse_small.map,CA-PIBT,200,1000,4,0,5.387,0.04372,5,5,0,0,1.88717,1.94699,10,5,30,10
../maps/warehouse_small.map,CA-PIBT,200,1000,5,0,5.448,0.040925,5,5,0,0,1.56041,1.83368,10,5,30,10
../maps/warehouse_small.map,CA-PIBT-noRecover,200,1000,1,0,5.414,0.042455,5,0,0,0,1.26415,1.88019,10,5,30,10
../maps/warehouse_small.map,CA-PIBT-noRecover,200,1000,2,0,5.409,0.043,6,0,0,0,1.00548,2.2634,10,5,30,10
../maps/warehouse_small.map,CA-PIBT-noRecover,200,1000,3,0,5.434,0.040115,2,0,0,0,0.994102,2.18199,10,5,30,10
../maps/warehouse_small.map,CA-PIBT-noRecover,200,1000,4,0,5.416,0.04239,3,0,0,0,1.00336,2.12923,10,5,30,10
../maps/warehouse_small.map,CA-PIBT-noRecover,200,1000,5,0,5.422,0.041435,4,0,0,0,0.984494,1.84334,10,5,30,10
../maps/warehouse_small.map,CA-PIBT-noHighway,200,1000,1,0,5.274,0.052305,27,27,0,0,0.800642,2.0768,10,5,30,10
../maps/warehouse_small.map,CA-PIBT-noHighway,200,1000,2,0,5.382,0.05308,23,23,0,0,0.855482,2.10045,10,5,30,10
../maps/warehouse_small.map,CA-PIBT-noHighway,200,1000,3,0,5.334,0.053,27,27,0,0,0.897151,1.88178,10,5,30,10
../maps/warehouse_small.map,CA-PIBT-noHighway,200,1000,4,0,5.356,0.052425,45,45,0,0,0.841482,2.10988,10,5,30,10
../maps/warehouse_small.map,CA-PIBT-noHighway,200,1000,5,0,5.337,0.05174,14,14,0,0,0.795042,2.17618,10,5,30,10
../maps/warehouse_small.map,H-PIBT+Recover,200,1000,1,0,5.084,0.064495,9,9,0,0,0.96413,1.91144,0,0,30,10
../maps/warehouse_small.map,H-PIBT+Recover,200,1000,2,0,4.849,0.082805,52,52,0,0,1.00168,1.99624,0,0,30,10
../maps/warehouse_small.map,H-PIBT+Recover,200,1000,3,0,4.995,0.071555,17,17,0,0,1.08756,2.1341,0,0,30,10
../maps/warehouse_small.map,H-PIBT+Recover,200,1000,4,0,4.923,0.07099,23,23,0,0,1.07117,1.88063,0,0,30,10
../maps/warehouse_small.map,PIBT,250,1000,1,0,3.473,0.214708,1047,0,0,0,0.0697144,2.45771,10,5,30,10
../maps/warehouse_small.map,PIBT,250,1000,2,0,3.899,0.189692,743,0,0,0,0.0698274,2.15796,10,5,30,10
../maps/warehouse_small.map,PIBT,250,1000,3,0,3.654,0.20774,934,0,0,0,0.0731267,2.21552,10,5,30,10
../maps/warehouse_small.map,PIBT,250,1000,4,0,3.701,0.205272,891,0,0,0,0.0758055,2.25867,10,5,30,10
../maps/warehouse_small.map,PIBT,250,1000,5,0,3.462,0.225076,1112,0,0,0,0.0714028,2.20202,10,5,30,10
../maps/warehouse_small.map,H-PIBT+Recover,200,1000,5,0,5.054,0.067865,14,14,0,0,0.990663,2.01918,0,0,30,10
../maps/warehouse_small.map,H-PIBT,250,1000,1,0,5.584,0.112424,109,0,0,0,0.0825326,2.03939,10,5,30,10
../maps/warehouse_small.map,H-PIBT,250,1000,2,0,5.616,0.112248,92,0,0,0,0.0786409,2.03782,10,5,30,10
../maps/warehouse_small.map,H-PIBT,250,1000,3,0,5.609,0.112388,95,0,0,0,0.079734,1.90313,10,5,30,10
../maps/warehouse_small.map,H-PIBT,250,1000,4,0,5.532,0.118412,121,0,0,0,0.0778815,1.86752,10,5,30,10
../maps/warehouse_small.map,H-PIBT,250,1000,5,0,5.571,0.110236,90,0,0,0,0.0855875,2.0946,10,5,30,10
../maps/warehouse_small.map,WPP,250,1000,2,0,2.314,0.578564,460,0,69429,0,27.0654,1.9221,10,5,30,10
../maps/warehouse_small.map,WPP,250,1000,1,0,0.954,0.782732,451,0,97768,0,30.8267,2.1592,10,5,30,10
../maps/warehouse_small.map,WPP,250,1000,4,0,0.809,0.776816,433,0,115422,0,29.3154,1.95251,10,5,30,10
../maps/warehouse_small.map,WPP,250,1000,3,0,2.316,0.4976,375,0,61001,0,33.5803,2.02245,10,5,30,10
../maps/warehouse_small.map,CA-PIBT,250,1000,1,0,6.556,0.056408,9,9,0,0,1.33115,2.09328,10,5,30,10
../maps/warehouse_small.map,CA-PIBT,250,1000,2,0,6.503,0.05896,11,11,0,0,1.31199,1.94419,10,5,30,10
../maps/warehouse_small.map,CA-PIBT,250,1000,3,0,6.473,0.059052,23,23,0,0,1.3249,2.03183,10,5,30,10
../maps/warehouse_small.map,CA-PIBT,250,1000,4,0,6.561,0.057928,22,22,0,0,1.31257,1.91637,10,5,30,10
../maps/warehouse_small.map,CA-PIBT,250,1000,5,0,6.516,0.056792,5,5,0,0,1.29402,1.96059,10,5,30,10
../maps/warehouse_small.map,CA-PIBT-noRecover,250,1000,1,0,6.486,0.054616,9,0,0,0,1.29939,1.99521,10,5,30,10
../maps/warehouse_small.map,CA-PIBT-noRecover,250,1000,2,0,6.53,0.05802,5,0,0,0,1.32087,2.12452,10,5,30,10
../maps/warehouse_small.map,CA-PIBT-noRecover,250,1000,3,0,6.476,0.05868,19,0,0,0,1.3283,2.02948,10,5,30,10
../maps/warehouse_small.map,CA-PIBT-noRecover,250,1000,4,0,6.537,0.058988,17,0,0,0,1.30897,2.05477,10,5,30,10
../maps/warehouse_small.map,WPP,250,1000,5,0,1.283,0.722504,420,0,92895,0,27.3592,2.12287,10,5,30,10
../maps/warehouse_small.map,CA-PIBT-noRecover,250,1000,5,0,6.538,0.058812,5,0,0,0,1.29548,1.84632,10,5,30,10
../maps/warehouse_small.map,CA-PIBT-noHighway,250,1000,1,0,6.331,0.06708,82,82,0,0,1.03929,2.10024,10,5,30,10
../maps/warehouse_small.map,CA-PIBT-noHighway,250,1000,2,0,6.376,0.069632,52,52,0,0,1.04118,2.08278,10,5,30,10
../maps/warehouse_small.map,CA-PIBT-noHighway,250,1000,3,0,6.336,0.071776,66,66,0,0,1.03085,2.27545,10,5,30,10
../maps/warehouse_small.map,CA-PIBT-noHighway,250,1000,4,0,6.463,0.067484,88,88,0,0,1.04285,2.06836,10,5,30,10
../maps/warehouse_small.map,CA-PIBT-noHighway,250,1000,5,0,6.422,0.06936,50,50,0,0,1.01932,1.97146,10,5,30,10
../maps/warehouse_small.map,H-PIBT+Recover,250,1000,1,0,5.607,0.11284,94,94,0,0,1.3395,1.95674,0,0,30,10
../maps/warehouse_small.map,H-PIBT+Recover,250,1000,2,0,5.74,0.108388,82,82,0,0,1.30942,2.09151,0,0,30,10
../maps/warehouse_small.map,H-PIBT+Recover,250,1000,3,0,5.529,0.119036,117,117,0,0,1.35006,2.09154,0,0,30,10
../maps/warehouse_small.map,H-PIBT+Recover,250,1000,4,0,5.442,0.122828,127,127,0,0,1.36348,2.0244,0,0,30,10
../maps/warehouse_small.map,PIBT,300,1000,1,0,3.224,0.279593,1945,0,0,0,0.084137,2.23364,10,5,30,10
../maps/warehouse_small.map,PIBT,300,1000,2,0,3.39,0.27129,1902,0,0,0,0.0812493,2.2487,10,5,30,10
../maps/warehouse_small.map,PIBT,300,1000,3,0,3.154,0.284617,2091,0,0,0,0.0835746,2.25606,10,5,30,10
../maps/warehouse_small.map,PIBT,300,1000,4,0,3.146,0.286567,2061,0,0,0,0.081026,2.31873,10,5,30,10
../maps/warehouse_small.map,PIBT,300,1000,5,0,3.083,0.290863,2148,0,0,0,0.082544,2.39307,10,5,30,10
../maps/warehouse_small.map,H-PIBT+Recover,250,1000,5,0,5.612,0.11448,112,112,0,0,1.34736,2.03944,0,0,30,10
../maps/warehouse_small.map,H-PIBT,300,1000,1,0,5.266,0.19652,531,0,0,0,0.0939381,2.05924,10,5,30,10
../maps/warehouse_small.map,H-PIBT,300,1000,2,0,5.299,0.194473,526,0,0,0,0.0971484,2.06317,10,5,30,10
../maps/warehouse_small.map,H-PIBT,300,1000,3,0,5.668,0.17519,340,0,0,0,0.0979706,2.13587,10,5,30,10
../maps/warehouse_small.map,H-PIBT,300,1000,4,0,5.472,0.18693,409,0,0,0,0.0980678,2.08224,10,5,30,10
../maps/warehouse_small.map,H-PIBT,300,1000,5,0,5.7,0.17314,366,0,0,0,0.0936566,2.14165,10,5,30,10
../maps/warehouse_small.map,WPP,300,1000,1,0,1.156,0.616203,869,0,85981,0,39.5087,2.87376,10,5,30,10
../maps/warehouse_small.map,WPP,300,1000,2,0,0.973,0.77421,817,0,112144,0,38.8592,1.95383,10,5,30,10
../maps/warehouse_small.map,WPP,300,1000,3,0,0.923,0.62541,1004,0,88685,0,40.491,2.34751,10,5,30,10
../maps/warehouse_small.map,WPP,300,1000,4,0,1.17,0.57186,1057,0,77357,0,42.7998,2.78029,10,5,30,10
../maps/warehouse_small.map,CA-PIBT,300,1000,1,0,7.638,0.0756533,33,33,0,0,1.60597,1.88902,10,5,30,10
../maps/warehouse_small.map,CA-PIBT,300,1000,2,0,7.528,0.0747567,28,28,0,0,1.64427,1.94198,10,5,30,10
../maps/warehouse_small.map,CA-PIBT,300,1000,3,0,7.489,0.0777033,34,34,0,0,1.63392,1.98376,10,5,30,10
../maps/warehouse_small.map,CA-PIBT,300,1000,4,0,7.55,0.0758067,57,57,0,0,1.62579,1.98298,10,5,30,10
../maps/warehouse_small.map,CA-PIBT,300,1000,5,0,7.425,0.0748933,53,53,0,0,1.64699,2.01184,10,5,30,10
../maps/warehouse_small.map,CA-PIBT-noRecover,300,1000,1,0,7.436,0.07796,51,0,0,0,1.67447,2.10899,10,5,30,10
../maps/warehouse_small.map,CA-PIBT-noRecover,300,1000,2,0,7.588,0.0766067,34,0,0,0,1.65174,1.96824,10,5,30,10
../maps/warehouse_small.map,CA-PIBT-noRecover,300,1000,3,0,7.597,0.0749467,39,0,0,0,1.60565,2.03604,10,5,30,10
../maps/warehouse_small.map,CA-PIBT-noRecover,300,1000,4,0,7.443,0.0786767,65,0,0,0,1.64216,1.92888,10,5,30,10
../maps/warehouse_small.map,WPP,300,1000,5,0,0.741,0.786757,453,0,125327,0,31.5711,1.47052,10,5,30,10
../maps/warehouse_small.map,CA-PIBT-noHighway,300,1000,1,0,7.254,0.0893333,135,135,0,0,1.33723,2.0431,10,5,30,10
../maps/warehouse_small.map,CA-PIBT-noRecover,300,1000,5,0,7.448,0.07689,56,0,0,0,1.68734,1.9502,10,5,30,10
../maps/warehouse_small.map,CA-PIBT-noHighway,300,1000,2,0,7.322,0.08671,96,96,0,0,1.31627,2.02352,10,5,30,10
../maps/warehouse_small.map,CA-PIBT-noHighway,300,1000,3,0,7.359,0.0891167,105,105,0,0,1.30501,2.0694,10,5,30,10
../maps/warehouse_small.map,CA-PIBT-noHighway,300,1000,4,0,7.289,0.0885667,159,159,0,0,1.31329,2.20348,10,5,30,10
../maps/warehouse_small.map,CA-PIBT-noHighway,300,1000,5,0,7.309,0.08921,83,83,0,0,1.30119,1.98444,10,5,30,10
../maps/warehouse_small.map,H-PIBT+Recover,300,1000,1,0,5.685,0.176487,354,354,0,0,1.74708,2.16044,0,0,30,10
../maps/warehouse_small.map,H-PIBT+Recover,300,1000,2,0,5.757,0.168807,343,343,0,0,1.75799,2.23172,0,0,30,10
../maps/warehouse_small.map,H-PIBT+Recover,300,1000,3,0,5.966,0.153483,258,258,0,0,1.74872,2.0299,0,0,30,10
../maps/warehouse_small.map,H-PIBT+Recover,300,1000,4,0,5.332,0.193303,478,478,0,0,1.83528,2.02533,0,0,30,10
../maps/warehouse_small.map,PIBT,350,1000,1,0,3.131,0.313069,2765,0,0,0,0.106146,2.11117,10,5,30,10
../maps/warehouse_small.map,PIBT,350,1000,2,0,3.214,0.30718,2704,0,0,0,0.102638,2.1019,10,5,30,10
../maps/warehouse_small.map,PIBT,350,1000,3,0,3.166,0.308043,2754,0,0,0,0.102542,2.09166,10,5,30,10
../maps/warehouse_small.map,PIBT,350,1000,4,0,3.032,0.318266,2861,0,0,0,0.106003,2.09504,10,5,30,10
../maps/warehouse_small.map,PIBT,350,1000,5,0,3.245,0.305883,2677,0,0,0,0.0975364,2.11742,10,5,30,10
../maps/warehouse_small.map,H-PIBT,350,1000,1,0,5.453,0.225694,812,0,0,0,0.114226,2.13626,10,5,30,10
../maps/warehouse_small.map,H-PIBT+Recover,300,1000,5,0,5.65,0.17698,378,378,0,0,1.80728,2.05886,0,0,30,10
../maps/warehouse_small.map,H-PIBT,350,1000,2,0,5.458,0.222657,887,0,0,0,0.111671,2.04268,10,5,30,10
../maps/warehouse_small.map,H-PIBT,350,1000,3,0,5.102,0.242806,1253,0,0,0,0.11783,2.28999,10,5,30,10
../maps/warehouse_small.map,H-PIBT,350,1000,4,0,4.984,0.249291,1229,0,0,0,0.117488,2.05207,10,5,30,10
../maps/warehouse_small.map,H-PIBT,350,1000,5,0,5.159,0.239211,1026,0,0,0,0.115914,1.95765,10,5,30,10
../maps/warehouse_small.map,WPP,350,1000,1,0,1.309,0.553751,1721,0,87926,0,48.8161,2.50676,10,5,30,10
../maps/warehouse_small.map,WPP,350,1000,2,0,1.017,0.658006,1071,0,112948,0,55.9177,2.11112,10,5,30,10
../maps/warehouse_small.map,WPP,350,1000,3,0,1.216,0.574414,1418,0,90942,0,48.5778,2.59079,10,5,30,10
../maps/warehouse_small.map,WPP,350,1000,4,0,1.079,0.584034,1444,0,93117,0,51.2911,2.48113,10,5,30,10
../maps/warehouse_small.map,CA-PIBT,350,1000,1,0,8.395,0.0974086,46,46,0,0,1.96613,1.82907,10,5,30,10
../maps/warehouse_small.map,CA-PIBT,350,1000,2,0,8.369,0.0983771,64,64,0,0,2.51768,1.91703,10,5,30,10
../maps/warehouse_small.map,CA-PIBT,350,1000,3,0,8.366,0.0952886,79,79,0,0,2.35347,2.06238,10,5,30,10
../maps/warehouse_small.map,CA-PIBT,350,1000,4,0,8.13,0.103511,96,96,0,0,2.02368,2.02676,10,5,30,10
../maps/warehouse_small.map,CA-PIBT,350,1000,5,0,8.412,0.0966057,51,51,0,0,1.96541,1.99111,10,5,30,10
../maps/warehouse_small.map,CA-PIBT-noRecover,350,1000,1,0,8.257,0.101957,59,0,0,0,2.13468,1.89479,10,5,30,10
../maps/warehouse_small.map,CA-PIBT-noRecover,350,1000,2,0,8.266,0.0965714,67,0,0,0,2.06026,1.78301,10,5,30,10
../maps/warehouse_small.map,CA-PIBT-noRecover,350,1000,3,0,8.363,0.0984457,67,0,0,0,2.21024,1.93102,10,5,30,10
../maps/warehouse_small.map,CA-PIBT-noRecover,350,1000,4,0,8.277,0.10456,103,0,0,0,2.02324,1.82348,10,5,30,10
../maps/warehouse_small.map,CA-PIBT-noRecover,350,1000,5,0,8.415,0.0962686,52,0,0,0,2.07435,1.85037,10,5,30,10
../maps/warehouse_small.map,WPP,350,1000,5,0,1.056,0.580123,1625,0,92990,0,52.9281,2.154,10,5,30,10
../maps/warehouse_small.map,CA-PIBT-noHighway,350,1000,1,0,7.966,0.108266,191,191,0,0,1.69821,1.93748,10,5,30,10
../maps/warehouse_small.map,CA-PIBT-noHighway,350,1000,2,0,7.885,0.10908,216,216,0,0,1.65991,1.98366,10,5,30,10
../maps/warehouse_small.map,CA-PIBT-noHighway,350,1000,3,0,7.95,0.101777,167,167,0,0,1.67165,1.84036,10,5,30,10
../maps/warehouse_small.map,CA-PIBT-noHighway,350,1000,4,0,7.901,0.111046,191,191,0,0,1.61172,1.99254,10,5,30,10
../maps/warehouse_small.map,CA-PIBT-noHighway,350,1000,5,0,7.886,0.110511,233,233,0,0,1.60682,1.91472,10,5,30,10
../maps/warehouse_small.map,H-PIBT+Recover,350,1000,1,0,5.693,0.219189,719,719,0,0,2.25174,1.98155,0,0,30,10
../maps/warehouse_small.map,H-PIBT+Recover,350,1000,2,0,5.753,0.213497,747,747,0,0,2.21261,2.19357,0,0,30,10
../maps/warehouse_small.map,H-PIBT+Recover,350,1000,4,0,5.649,0.21854,815,815,0,0,2.26208,2.05088,0,0,30,10
../maps/warehouse_small.map,H-PIBT+Recover,350,1000,3,0,5.535,0.222343,819,819,0,0,2.35272,2.03043,0,0,30,10
../maps/warehouse_small.map,PIBT,400,1000,1,0,2.979,0.335697,3577,0,0,0,0.129565,2.04505,10,5,30,10
../maps/warehouse_small.map,PIBT,400,1000,2,0,2.875,0.340822,3669,0,0,0,0.115702,2.06091,10,5,30,10
../maps/warehouse_small.map,PIBT,400,1000,3,0,2.814,0.346715,3700,0,0,0,0.11744,2.0661,10,5,30,10
../maps/warehouse_small.map,PIBT,400,1000,4,0,2.935,0.342092,3655,0,0,0,0.113986,2.0146,10,5,30,10
../maps/warehouse_small.map,PIBT,400,1000,5,0,2.952,0.33622,3620,0,0,0,0.114633,2.00764,10,5,30,10
../maps/warehouse_small.map,H-PIBT,400,1000,1,0,4.605,0.28289,2207,0,0,0,0.129256,2.19883,10,5,30,10
../maps/warehouse_small.map,H-PIBT,400,1000,2,0,4.248,0.297175,2431,0,0,0,0.132175,2.09418,10,5,30,10
../maps/warehouse_small.map,H-PIBT+Recover,350,1000,5,0,5.658,0.21966,872,872,0,0,2.22904,2.15167,0,0,30,10
../maps/warehouse_small.map,H-PIBT,400,1000,3,0,4.457,0.292627,2291,0,0,0,0.136017,2.14177,10,5,30,10
../maps/warehouse_small.map,H-PIBT,400,1000,4,0,4.455,0.292152,2275,0,0,0,0.129175,2.05757,10,5,30,10
../maps/warehouse_small.map,H-PIBT,400,1000,5,0,4.682,0.281757,1952,0,0,0,0.136774,2.00074,10,5,30,10
../maps/warehouse_small.map,WPP,400,1000,1,0,0.926,0.634773,2035,0,128437,0,48.4416,1.94185,10,5,30,10
../maps/warehouse_small.map,WPP,400,1000,2,0,1.018,0.60151,1876,0,107652,0,56.6385,1.94241,10,5,30,10
../maps/warehouse_small.map,WPP,400,1000,3,0,0.984,0.574793,1986,0,104354,0,54.6382,1.90877,10,5,30,10
../maps/warehouse_small.map,WPP,400,1000,4,0,0.739,0.601697,1545,0,106646,0,58.7837,1.74621,10,5,30,10
../maps/warehouse_small.map,CA-PIBT,400,1000,1,0,8.806,0.13168,108,108,0,0,2.44181,1.7677,10,5,30,10
../maps/warehouse_small.map,CA-PIBT,400,1000,2,0,8.765,0.130923,141,141,0,0,2.49413,1.82752,10,5,30,10
../maps/warehouse_small.map,CA-PIBT,400,1000,3,0,8.847,0.129158,130,130,0,0,2.58779,1.77868,10,5,30,10
../maps/warehouse_small.map,CA-PIBT,400,1000,4,0,8.653,0.132077,178,178,0,0,2.52197,1.71244,10,5,30,10
../maps/warehouse_small.map,CA-PIBT,400,1000,5,0,8.768,0.130123,131,131,0,0,2.42127,1.89436,10,5,30,10
../maps/warehouse_small.map,CA-PIBT-noRecover,400,1000,1,0,8.784,0.12903,103,0,0,0,2.53847,1.84212,10,5,30,10
../maps/warehouse_small.map,CA-PIBT-noRecover,400,1000,2,0,8.599,0.132378,163,0,0,0,3.50117,1.89736,10,5,30,10
../maps/warehouse_small.map,CA-PIBT-noRecover,400,1000,3,0,8.672,0.134292,184,0,0,0,2.47111,1.84868,10,5,30,10
../maps/warehouse_small.map,CA-PIBT-noRecover,400,1000,4,0,8.65,0.133325,149,0,0,0,2.79863,1.77887,10,5,30,10
../maps/warehouse_small.map,WPP,400,1000,5,0,0.832,0.621972,1522,0,114896,0,57.9027,1.80654,10,5,30,10
../maps/warehouse_small.map,CA-PIBT-noRecover,400,1000,5,0,9.002,0.118787,127,0,0,0,2.5417,1.82893,10,5,30,10
../maps/warehouse_small.map,CA-PIBT-noHighway,400,1000,1,0,8.46,0.131303,323,323,0,0,1.94366,1.87283,10,5,30,10
../maps/warehouse_small.map,CA-PIBT-noHighway,400,1000,2,0,8.466,0.130583,293,293,0,0,1.9382,1.85143,10,5,30,10
../maps/warehouse_small.map,CA-PIBT-noHighway,400,1000,3,0,8.535,0.12891,338,338,0,0,1.92194,1.98333,10,5,30,10
../maps/warehouse_small.map,CA-PIBT-noHighway,400,1000,4,0,8.502,0.12847,374,374,0,0,1.94185,1.78885,10,5,30,10
../maps/warehouse_small.map,CA-PIBT-noHighway,400,1000,5,0,8.244,0.136085,351,351,0,0,2.0721,1.87027,10,5,30,10
../maps/warehouse_small.map,H-PIBT+Recover,400,1000,1,0,5.803,0.232855,1109,1109,0,0,2.92742,2.06154,0,0,30,10
../maps/warehouse_small.map,H-PIBT+Recover,400,1000,2,0,5.558,0.24937,1210,1210,0,0,2.74343,1.94138,0,0,30,10
../maps/warehouse_small.map,H-PIBT+Recover,400,1000,3,0,5.366,0.253375,1390,1390,0,0,2.81172,1.97681,0,0,30,10
../maps/warehouse_small.map,H-PIBT+Recover,400,1000,4,0,5.483,0.251535,1383,1383,0,0,2.76454,1.95114,0,0,30,10
../maps/kiva.map,PIBT,50,1000,1,0,1.534,0.01408,1,0,0,0,0.0146206,2.5333,10,5,30,10
../maps/kiva.map,PIBT,50,1000,2,0,1.523,0.0126,0,0,0,0,0.0135624,2.78718,10,5,30,10
../maps/kiva.map,PIBT,50,1000,3,0,1.528,0.0128,0,0,0,0,0.0118149,2.77964,10,5,30,10
../maps/kiva.map,PIBT,50,1000,4,0,1.501,0.01422,0,0,0,0,0.0114484,2.46974,10,5,30,10
../maps/kiva.map,PIBT,50,1000,5,0,1.532,0.01208,0,0,0,0,0.0115494,2.34742,10,5,30,10
../maps/kiva.map,H-PIBT,50,1000,1,0,1.619,0.00594,0,0,0,0,0.0128726,1.83183,10,5,30,10
../maps/kiva.map,H-PIBT,50,1000,2,0,1.619,0.00694,0,0,0,0,0.0134446,2.4891,10,5,30,10
../maps/kiva.map,H-PIBT,50,1000,3,0,1.604,0.00706,0,0,0,0,0.0128039,2.45634,10,5,30,10
../maps/kiva.map,H-PIBT,50,1000,4,0,1.586,0.00588,0,0,0,0,0.0131711,2.17292,10,5,30,10
../maps/kiva.map,H-PIBT,50,1000,5,0,1.597,0.0064,0,0,0,0,0.0129438,2.50926,10,5,30,10
../maps/kiva.map,WPP,50,1000,1,0,1.426,0.1331,0,0,0,0,0.18053,1.66421,10,5,30,10
../maps/warehouse_small.map,H-PIBT+Recover,400,1000,5,0,5.582,0.248488,1264,1264,0,0,2.76672,1.93726,0,0,30,10
../maps/kiva.map,WPP,50,1000,2,0,1.392,0.12618,0,0,0,0,0.184967,1.61691,10,5,30,10
../maps/kiva.map,WPP,50,1000,3,0,1.408,0.13292,0,0,0,0,0.186051,2.27473,10,5,30,10
../maps/kiva.map,WPP,50,1000,4,0,1.413,0.13332,0,0,0,0,0.187814,1.87414,10,5,30,10
../maps/kiva.map,WPP,50,1000,5,0,1.402,0.12632,0,0,0,0,0.206764,2.19964,10,5,30,10
../maps/kiva.map,CA-PIBT,50,1000,1,0,1.604,0.0062,0,0,0,0,0.205325,2.40699,10,5,30,10
../maps/kiva.map,CA-PIBT,50,1000,2,0,1.619,0.00576,0,0,0,0,0.230115,2.23508,10,5,30,10
../maps/kiva.map,CA-PIBT,50,1000,3,0,1.594,0.00704,0,0,0,0,0.205826,2.00639,10,5,30,10
../maps/kiva.map,CA-PIBT,50,1000,4,0,1.619,0.0063,0,0,0,0,0.210216,2.82057,10,5,30,10
../maps/kiva.map,CA-PIBT,50,1000,5,0,1.606,0.00626,0,0,0,0,0.200582,2.29469,10,5,30,10
../maps/kiva.map,CA-PIBT-noRecover,50,1000,1,0,1.604,0.0062,0,0,0,0,0.203391,2.40699,10,5,30,10
../maps/kiva.map,CA-PIBT-noRecover,50,1000,2,0,1.619,0.00576,0,0,0,0,0.19907,2.23508,10,5,30,10
../maps/kiva.map,CA-PIBT-noRecover,50,1000,3,0,1.594,0.00704,0,0,0,0,0.212001,2.00639,10,5,30,10
../maps/kiva.map,CA-PIBT-noRecover,50,1000,4,0,1.619,0.0063,0,0,0,0,0.20401,2.82057,10,5,30,10
../maps/kiva.map,CA-PIBT-noRecover,50,1000,5,0,1.606,0.00626,0,0,0,0,0.207336,2.29469,10,5,30,10
../maps/kiva.map,CA-PIBT-noHighway,50,1000,1,0,1.591,0.00772,0,0,0,0,0.164531,2.26883,10,5,30,10
../maps/kiva.map,CA-PIBT-noHighway,50,1000,2,0,1.574,0.00672,0,0,0,0,0.172303,2.27368,10,5,30,10
../maps/kiva.map,CA-PIBT-noHighway,50,1000,3,0,1.599,0.00674,0,0,0,0,0.166054,2.5099,10,5,30,10
../maps/kiva.map,CA-PIBT-noHighway,50,1000,4,0,1.593,0.00774,0,0,0,0,0.163858,2.40008,10,5,30,10
../maps/kiva.map,CA-PIBT-noHighway,50,1000,5,0,1.592,0.00678,0,0,0,0,0.167771,2.23034,10,5,30,10
../maps/kiva.map,H-PIBT+Recover,50,1000,1,0,1.619,0.00594,0,0,0,0,0.195212,1.83183,0,0,30,10
../maps/kiva.map,H-PIBT+Recover,50,1000,2,0,1.619,0.00694,0,0,0,0,0.193791,2.4891,0,0,30,10
../maps/kiva.map,H-PIBT+Recover,50,1000,3,0,1.604,0.00706,0,0,0,0,0.18344,2.45634,0,0,30,10
../maps/kiva.map,H-PIBT+Recover,50,1000,4,0,1.586,0.00588,0,0,0,0,0.199901,2.17292,0,0,30,10
../maps/kiva.map,PIBT,100,1000,1,0,2.881,0.0245,1,0,0,0,0.0316057,2.01839,10,5,30,10
../maps/kiva.map,PIBT,100,1000,2,0,2.86,0.02623,0,0,0,0,0.0298326,2.61916,10,5,30,10
../maps/kiva.map,H-PIBT+Recover,50,1000,5,0,1.597,0.0064,0,0,0,0,0.241644,2.50926,0,0,30,10
../maps/kiva.map,PIBT,100,1000,3,0,2.852,0.02645,0,0,0,0,0.0264323,1.9974,10,5,30,10
../maps/kiva.map,PIBT,100,1000,5,0,2.899,0.0261,0,0,0,0,0.0259726,2.23828,10,5,30,10
../maps/kiva.map,PIBT,100,1000,4,0,2.878,0.02506,0,0,0,0,0.0382844,2.30903,10,5,30,10
../maps/kiva.map,H-PIBT,100,1000,2,0,3.199,0.01351,0,0,0,0,0.026429,2.27374,10,5,30,10
../maps/kiva.map,H-PIBT,100,1000,1,0,3.217,0.01375,0,0,0,0,0.02932,2.11686,10,5,30,10
../maps/kiva.map,H-PIBT,100,1000,3,0,3.164,0.01345,0,0,0,0,0.0269913,2.58271,10,5,30,10
../maps/kiva.map,H-PIBT,100,1000,4,0,3.185,0.01317,0,0,0,0,0.0285671,2.31679,10,5,30,10
../maps/kiva.map,WPP,100,1000,1,0,2.772,0.12988,0,0,0,0,0.401061,2.27192,10,5,30,10
../maps/kiva.map,H-PIBT,100,1000,5,0,3.19,0.01342,0,0,0,0,0.0280199,2.5,10,5,30,10
../maps/kiva.map,WPP,100,1000,3,0,2.787,0.13106,0,0,0,0,0.391727,2.14315,10,5,30,10
../maps/kiva.map,WPP,100,1000,2,0,2.826,0.13083,0,0,0,0,0.420163,2.03774,10,5,30,10
../maps/kiva.map,WPP,100,1000,4,0,2.794,0.13396,0,0,0,0,0.403438,1.8211,10,5,30,10
../maps/kiva.map,WPP,100,1000,5,0,2.776,0.13431,0,0,0,0,0.403793,1.92416,10,5,30,10
../maps/kiva.map,CA-PIBT,100,1000,1,0,3.148,0.01291,0,0,0,0,0.428682,2.54747,10,5,30,10
../maps/kiva.map,CA-PIBT,100,1000,2,0,3.139,0.0144,0,0,0,0,0.440694,2.58803,10,5,30,10
../maps/kiva.map,CA-PIBT,100,1000,3,0,3.126,0.01391,0,0,0,0,0.427162,2.19827,10,5,30,10
../maps/kiva.map,CA-PIBT,100,1000,4,0,3.167,0.01404,0,0,0,0,0.425535,2.06908,10,5,30,10
../maps/kiva.map,CA-PIBT,100,1000,5,0,3.145,0.01466,0,0,0,0,0.450755,2.10891,10,5,30,10
../maps/kiva.map,CA-PIBT-noRecover,100,1000,1,0,3.148,0.01291,0,0,0,0,0.432965,2.54747,10,5,30,10
../maps/kiva.map,CA-PIBT-noRecover,100,1000,2,0,3.139,0.0144,0,0,0,0,0.446035,2.58803,10,5,30,10
../maps/kiva.map,CA-PIBT-noRecover,100,1000,3,0,3.126,0.01391,0,0,0,0,0.427498,2.19827,10,5,30,10
../maps/kiva.map,CA-PIBT-noRecover,100,1000,5,0,3.145,0.01466,0,0,0,0,0.433102,2.10891,10,5,30,10
../maps/kiva.map,CA-PIBT-noRecover,100,1000,4,0,3.167,0.01404,0,0,0,0,0.430399,2.06908,10,5,30,10
../maps/kiva.map,CA-PIBT-noHighway,100,1000,1,0,3.107,0.01327,0,0,0,0,0.346591,2.32489,10,5,30,10
../maps/kiva.map,CA-PIBT-noHighway,100,1000,2,0,3.143,0.01359,0,0,0,0,0.337577,2.40522,10,5,30,10
../maps/kiva.map,CA-PIBT-noHighway,100,1000,3,0,3.118,0.01313,0,0,0,0,0.332084,2.28639,10,5,30,10
../maps/kiva.map,CA-PIBT-noHighway,100,1000,4,0,3.166,0.01342,0,0,0,0,0.341817,2.23705,10,5,30,10
../maps/kiva.map,CA-PIBT-noHighway,100,1000,5,0,3.167,0.01592,0,0,0,0,0.340062,2.42097,10,5,30,10
../maps/kiva.map,H-PIBT+Recover,100,1000,1,0,3.217,0.01375,0,0,0,0,0.375551,2.11686,0,0,30,10
../maps/kiva.map,H-PIBT+Recover,100,1000,2,0,3.199,0.01351,0,0,0,0,0.387763,2.27374,0,0,30,10
../maps/kiva.map,H-PIBT+Recover,100,1000,3,0,3.164,0.01345,0,0,0,0,0.404232,2.58271,0,0,30,10
../maps/kiva.map,H-PIBT+Recover,100,1000,4,0,3.185,0.01317,0,0,0,0,0.381669,2.31679,0,0,30,10
../maps/kiva.map,PIBT,150,1000,1,0,4.082,0.0387267,1,0,0,0,0.0377892,2.2879,10,5,30,10
../maps/kiva.map,H-PIBT+Recover,100,1000,5,0,3.19,0.01342,0,0,0,0,0.380335,2.5,0,0,30,10
../maps/kiva.map,PIBT,150,1000,2,0,4.04,0.04038,1,0,0,0,0.0384406,1.95164,10,5,30,10
../maps/kiva.map,PIBT,150,1000,3,0,4.01,0.0411,0,0,0,0,0.0384896,2.14994,10,5,30,10
../maps/kiva.map,PIBT,150,1000,4,0,4.061,0.03912,3,0,0,0,0.0438461,2.02681,10,5,30,10
../maps/kiva.map,PIBT,150,1000,5,0,4.058,0.0392667,1,0,0,0,0.0394019,2.23841,10,5,30,10
../maps/kiva.map,H-PIBT,150,1000,1,0,4.721,0.0214667,1,0,0,0,0.0420751,2.48112,10,5,30,10
../maps/kiva.map,H-PIBT,150,1000,2,0,4.678,0.021,0,0,0,0,0.0433772,2.24911,10,5,30,10
../maps/kiva.map,H-PIBT,150,1000,3,0,4.64,0.0220867,0,0,0,0,0.0463754,2.26471,10,5,30,10
../maps/kiva.map,H-PIBT,150,1000,4,0,4.732,0.0215733,0,0,0,0,0.0462006,2.17129,10,5,30,10
../maps/kiva.map,H-PIBT,150,1000,5,0,4.698,0.02176,0,0,0,0,0.0449976,2.40089,10,5,30,10
../maps/kiva.map,WPP,150,1000,1,0,4.096,0.13438,1,0,0,0,0.73056,2.02302,10,5,30,10
../maps/kiva.map,WPP,150,1000,2,0,4.097,0.13352,0,0,0,0,0.67808,2.00046,10,5,30,10
../maps/kiva.map,WPP,150,1000,3,0,4.069,0.132653,0,0,0,0,0.650965,1.9263,10,5,30,10
../maps/kiva.map,WPP,150,1000,4,0,4.133,0.135153,0,0,0,0,0.660007,1.90276,10,5,30,10
../maps/kiva.map,WPP,150,1000,5,0,4.11,0.13606,1,0,0,0,0.675383,1.90088,10,5,30,10
../maps/kiva.map,CA-PIBT,150,1000,1,0,4.704,0.0232933,0,0,0,0,0.666538,2.12377,10,5,30,10
../maps/kiva.map,CA-PIBT,150,1000,2,0,4.679,0.0222133,0,0,0,0,0.63955,2.34008,10,5,30,10
../maps/kiva.map,CA-PIBT,150,1000,3,0,4.672,0.0227,0,0,0,0,0.672685,2.13974,10,5,30,10
../maps/kiva.map,CA-PIBT,150,1000,4,0,4.663,0.0221867,0,0,0,0,0.647404,2.34645,10,5,30,10
../maps/kiva.map,CA-PIBT-noRecover,150,1000,1,0,4.704,0.0232933,0,0,0,0,0.652878,2.12377,10,5,30,10
../maps/kiva.map,CA-PIBT,150,1000,5,0,4.688,0.02178,0,0,0,0,0.684371,2.43909,10,5,30,10
../maps/kiva.map,CA-PIBT-noRecover,150,1000,2,0,4.679,0.0222133,0,0,0,0,0.661897,2.34008,10,5,30,10
../maps/kiva.map,CA-PIBT-noRecover,150,1000,3,0,4.672,0.0227,0,0,0,0,0.705361,2.13974,10,5,30,10
../maps/kiva.map,CA-PIBT-noRecover,150,1000,4,0,4.663,0.0221867,0,0,0,0,0.662347,2.34645,10,5,30,10
../maps/kiva.map,CA-PIBT-noRecover,150,1000,5,0,4.688,0.02178,0,0,0,0,0.679006,2.43909,10,5,30,10
../maps/kiva.map,CA-PIBT-noHighway,150,1000,1,0,4.591,0.0218933,1,1,0,0,0.525255,2.17224,10,5,30,10
../maps/kiva.map,CA-PIBT-noHighway,150,1000,2,0,4.669,0.0226867,0,0,0,0,0.515694,2.41467,10,5,30,10
../maps/kiva.map,CA-PIBT-noHighway,150,1000,3,0,4.596,0.0214467,0,0,0,0,0.529105,2.37565,10,5,30,10
../maps/kiva.map,CA-PIBT-noHighway,150,1000,4,0,4.644,0.0235267,0,0,0,0,0.524954,2.50833,10,5,30,10
../maps/kiva.map,CA-PIBT-noHighway,150,1000,5,0,4.651,0.0230067,0,0,0,0,0.528914,2.35654,10,5,30,10
../maps/kiva.map,H-PIBT+Recover,150,1000,1,0,4.704,0.0227467,1,1,0,0,0.587725,2.48537,0,0,30,10
../maps/kiva.map,H-PIBT+Recover,150,1000,2,0,4.678,0.021,0,0,0,0,0.593005,2.24911,0,0,30,10
../maps/kiva.map,H-PIBT+Recover,150,1000,3,0,4.64,0.0220867,0,0,0,0,0.592524,2.26471,0,0,30,10
../maps/kiva.map,H-PIBT+Recover,150,1000,4,0,4.732,0.0215733,0,0,0,0,0.596923,2.17129,0,0,30,10
../maps/kiva.map,PIBT,200,1000,1,0,5.121,0.054585,19,0,0,0,0.0537151,2.20431,10,5,30,10
../maps/kiva.map,H-PIBT+Recover,150,1000,5,0,4.698,0.02176,0,0,0,0,0.586467,2.40089,0,0,30,10
../maps/kiva.map,PIBT,200,1000,2,0,5.167,0.051595,0,0,0,0,0.0533626,2.2063,10,5,30,10
../maps/kiva.map,PIBT,200,1000,3,0,5.11,0.050945,6,0,0,0,0.0532297,2.26219,10,5,30,10
../maps/kiva.map,PIBT,200,1000,4,0,5.094,0.05152,3,0,0,0,0.0533177,2.27137,10,5,30,10
../maps/kiva.map,PIBT,200,1000,5,0,5.077,0.05263,4,0,0,0,0.0571078,2.0486,10,5,30,10
../maps/kiva.map,H-PIBT,200,1000,1,0,6.124,0.03152,2,0,0,0,0.058579,2.16,10,5,30,10
../maps/kiva.map,H-PIBT,200,1000,2,0,6.186,0.03239,0,0,0,0,0.0650498,2.29893,10,5,30,10
../maps/kiva.map,H-PIBT,200,1000,3,0,6.132,0.031535,0,0,0,0,0.0599497,2.21007,10,5,30,10
../maps/kiva.map,H-PIBT,200,1000,4,0,6.086,0.032305,0,0,0,0,0.0612844,2.03595,10,5,30,10
../maps/kiva.map,H-PIBT,200,1000,5,0,6.15,0.032245,0,0,0,0,0.0594849,2.21754,10,5,30,10
../maps/kiva.map,WPP,200,1000,1,0,5.378,0.13831,1,0,0,0,1.04449,1.79942,10,5,30,10
../maps/kiva.map,WPP,200,1000,2,0,5.378,0.136495,0,0,0,0,1.11881,1.86223,10,5,30,10
../maps/kiva.map,WPP,200,1000,3,0,5.335,0.13752,4,0,0,0,1.07429,1.8026,10,5,30,10
../maps/kiva.map,WPP,200,1000,4,0,5.309,0.13758,0,0,0,0,1.19631,1.9152,10,5,30,10
../maps/kiva.map,WPP,200,1000,5,0,5.294,0.13861,0,0,0,0,1.04474,1.88656,10,5,30,10
../maps/kiva.map,CA-PIBT,200,1000,1,0,6.173,0.032035,2,2,0,0,0.912821,2.13466,10,5,30,10
../maps/kiva.map,CA-PIBT,200,1000,2,0,6.132,0.031995,1,1,0,0,0.876905,2.20327,10,5,30,10
../maps/kiva.map,CA-PIBT,200,1000,3,0,6.126,0.031375,0,0,0,0,0.892016,2.24568,10,5,30,10
../maps/kiva.map,CA-PIBT,200,1000,4,0,6.202,0.03306,0,0,0,0,0.883278,2.27374,10,5,30,10
../maps/kiva.map,CA-PIBT,200,1000,5,0,6.173,0.0311,1,1,0,0,0.911549,2.36364,10,5,30,10
../maps/kiva.map,CA-PIBT-noRecover,200,1000,1,0,6.131,0.032575,2,0,0,0,0.893876,2.15545,10,5,30,10
../maps/kiva.map,CA-PIBT-noRecover,200,1000,3,0,6.126,0.031375,0,0,0,0,0.897086,2.24568,10,5,30,10
../maps/kiva.map,CA-PIBT-noRecover,200,1000,2,0,6.173,0.030955,1,0,0,0,0.886809,2.35516,10,5,30,10
../maps/kiva.map,CA-PIBT-noRecover,200,1000,5,0,6.217,0.031085,1,0,0,0,0.885718,2.30386,10,5,30,10
../maps/kiva.map,CA-PIBT-noRecover,200,1000,4,0,6.202,0.03306,0,0,0,0,0.893773,2.27374,10,5,30,10
../maps/kiva.map,CA-PIBT-noHighway,200,1000,2,0,6.07,0.03229,0,0,0,0,0.731165,2.35956,10,5,30,10
../maps/kiva.map,CA-PIBT-noHighway,200,1000,1,0,6.041,0.031585,2,2,0,0,0.733725,2.29194,10,5,30,10
../maps/kiva.map,CA-PIBT-noHighway,200,1000,4,0,5.98,0.032425,9,9,0,0,0.750573,2.10238,10,5,30,10
../maps/kiva.map,CA-PIBT-noHighway,200,1000,3,0,6.062,0.031605,4,4,0,0,0.74525,2.24809,10,5,30,10
../maps/kiva.map,CA-PIBT-noHighway,200,1000,5,0,6.032,0.03005,3,3,0,0,0.749822,2.55625,10,5,30,10
../maps/kiva.map,H-PIBT+Recover,200,1000,1,0,6.142,0.03426,1,1,0,0,0.825545,2.23067,0,0,30,10
../maps/kiva.map,H-PIBT+Recover,200,1000,2,0,6.186,0.03239,0,0,0,0,0.830729,2.29893,0,0,30,10
../maps/kiva.map,H-PIBT+Recover,200,1000,3,0,6.132,0.031535,0,0,0,0,0.804856,2.21007,0,0,30,10
../maps/kiva.map,H-PIBT+Recover,200,1000,4,0,6.086,0.032305,0,0,0,0,0.811229,2.03595,0,0,30,10
../maps/kiva.map,H-PIBT+Recover,200,1000,5,0,6.15,0.032245,0,0,0,0,0.809456,2.21754,0,0,30,10
../maps/kiva.map,PIBT,250,1000,1,0,5.947,0.06896,27,0,0,0,0.0749171,2.15013,10,5,30,10
../maps/kiva.map,PIBT,250,1000,2,0,5.96,0.070628,22,0,0,0,0.0717251,2.04313,10,5,30,10
../maps/kiva.map,PIBT,250,1000,3,0,6.009,0.069212,22,0,0,0,0.0708456,2.04223,10,5,30,10
../maps/kiva.map,PIBT,250,1000,5,0,5.977,0.068044,17,0,0,0,0.0713124,2.10607,10,5,30,10
../maps/kiva.map,PIBT,250,1000,4,0,5.899,0.070924,29,0,0,0,0.0736367,2.05932,10,5,30,10
../maps/kiva.map,H-PIBT,250,1000,1,0,7.489,0.044272,0,0,0,0,0.078554,1.98647,10,5,30,10
../maps/kiva.map,H-PIBT,250,1000,2,0,7.511,0.04318,0,0,0,0,0.0802454,2.12839,10,5,30,10
../maps/kiva.map,H-PIBT,250,1000,3,0,7.528,0.04218,0,0,0,0,0.0790503,2.0908,10,5,30,10
../maps/kiva.map,H-PIBT,250,1000,4,0,7.489,0.044108,2,0,0,0,0.0832651,2.27026,10,5,30,10
../maps/kiva.map,H-PIBT,250,1000,5,0,7.441,0.046724,1,0,0,0,0.0805206,2.12516,10,5,30,10
../maps/kiva.map,WPP,250,1000,1,0,5.956,0.207772,96,0,1,0,2.24066,4.38919,10,5,30,10
../maps/kiva.map,WPP,250,1000,2,0,6.337,0.161428,28,0,8,0,2.06224,3.39807,10,5,30,10
../maps/kiva.map,WPP,250,1000,3,0,6.489,0.14524,1,0,0,0,1.69109,1.86174,10,5,30,10
../maps/kiva.map,WPP,250,1000,4,0,6.484,0.142864,13,0,150,0,2.4963,1.95855,10,5,30,10
../maps/kiva.map,WPP,250,1000,5,0,6.441,0.142436,7,0,1,0,2.02947,1.70538,10,5,30,10
../maps/kiva.map,CA-PIBT,250,1000,1,0,7.579,0.042308,0,0,0,0,1.16487,2.23073,10,5,30,10
../maps/kiva.map,CA-PIBT,250,1000,2,0,7.547,0.041784,1,1,0,0,1.16976,2.26112,10,5,30,10
../maps/kiva.map,CA-PIBT,250,1000,3,0,7.609,0.04016,0,0,0,0,1.18613,1.96517,10,5,30,10
../maps/kiva.map,CA-PIBT,250,1000,4,0,7.49,0.044692,4,4,0,0,1.21615,2.07422,10,5,30,10
../maps/kiva.map,CA-PIBT,250,1000,5,0,7.545,0.043848,0,0,0,0,1.15575,2.2135,10,5,30,10
../maps/kiva.map,CA-PIBT-noRecover,250,1000,1,0,7.579,0.042308,0,0,0,0,1.15711,2.23073,10,5,30,10
../maps/kiva.map,CA-PIBT-noRecover,250,1000,2,0,7.619,0.043944,1,0,0,0,1.15256,1.93738,10,5,30,10
../maps/kiva.map,CA-PIBT-noRecover,250,1000,3,0,7.609,0.04016,0,0,0,0,1.1496,1.96517,10,5,30,10
../maps/kiva.map,CA-PIBT-noRecover,250,1000,4,0,7.546,0.04152,4,0,0,0,1.15007,2.13685,10,5,30,10
../maps/kiva.map,CA-PIBT-noRecover,250,1000,5,0,7.545,0.043848,0,0,0,0,1.14918,2.2135,10,5,30,10
../maps/kiva.map,CA-PIBT-noHighway,250,1000,1,0,7.34,0.043388,11,11,0,0,0.948315,2.12,10,5,30,10
../maps/kiva.map,CA-PIBT-noHighway,250,1000,2,0,7.373,0.04122,2,2,0,0,0.956381,2.13212,10,5,30,10
../maps/kiva.map,CA-PIBT-noHighway,250,1000,3,0,7.389,0.04098,9,9,0,0,0.977532,2.15937,10,5,30,10
../maps/kiva.map,CA-PIBT-noHighway,250,1000,4,0,7.317,0.039348,12,12,0,0,0.993247,2.20095,10,5,30,10
../maps/kiva.map,CA-PIBT-noHighway,250,1000,5,0,7.424,0.0381,7,7,0,0,0.939687,2.16231,10,5,30,10
../maps/kiva.map,H-PIBT+Recover,250,1000,1,0,7.489,0.044272,0,0,0,0,1.03059,1.98647,0,0,30,10
../maps/kiva.map,H-PIBT+Recover,250,1000,2,0,7.511,0.04318,0,0,0,0,1.02235,2.12839,0,0,30,10
../maps/kiva.map,H-PIBT+Recover,250,1000,3,0,7.528,0.04218,0,0,0,0,1.035,2.0908,0,0,30,10
../maps/kiva.map,H-PIBT+Recover,250,1000,4,0,7.457,0.045992,2,2,0,0,1.02979,1.93866,0,0,30,10
../maps/kiva.map,PIBT,300,1000,1,0,6.654,0.0864,81,0,0,0,0.0867181,2.04962,10,5,30,10
../maps/kiva.map,PIBT,300,1000,2,0,6.658,0.08746,54,0,0,0,0.0859884,2.0823,10,5,30,10
../maps/kiva.map,PIBT,300,1000,3,0,6.733,0.0859367,45,0,0,0,0.0842263,2.15564,10,5,30,10
../maps/kiva.map,H-PIBT+Recover,250,1000,5,0,7.518,0.043124,1,1,0,0,1.01035,2.28972,0,0,30,10
../maps/kiva.map,PIBT,300,1000,4,0,6.721,0.0853567,81,0,0,0,0.0867177,2.23174,10,5,30,10
../maps/kiva.map,PIBT,300,1000,5,0,6.541,0.09443,71,0,0,0,0.0848215,2.05864,10,5,30,10
../maps/kiva.map,H-PIBT,300,1000,1,0,8.655,0.0581433,8,0,0,0,0.102636,2.10416,10,5,30,10
../maps/kiva.map,H-PIBT,300,1000,2,0,8.696,0.0546067,2,0,0,0,0.093757,2.04935,10,5,30,10
../maps/kiva.map,H-PIBT,300,1000,3,0,8.843,0.05639,0,0,0,0,0.0966764,2.21272,10,5,30,10
../maps/kiva.map,H-PIBT,300,1000,4,0,8.733,0.05846,4,0,0,0,0.0970332,2.12083,10,5,30,10
../maps/kiva.map,H-PIBT,300,1000,5,0,8.752,0.0559567,1,0,0,0,0.101366,2.00581,10,5,30,10
../maps/kiva.map,WPP,300,1000,1,0,7.524,0.148773,16,0,31,0,3.52169,1.7302,10,5,30,10
../maps/kiva.map,WPP,300,1000,2,0,7.499,0.146497,2,0,18,0,3.6558,1.66633,10,5,30,10
../maps/kiva.map,WPP,300,1000,3,0,7.382,0.16117,40,0,47,0,3.97748,2.20876,10,5,30,10
../maps/kiva.map,WPP,300,1000,5,0,7.553,0.14483,2,0,17,0,3.22439,1.70454,10,5,30,10
../maps/kiva.map,CA-PIBT,300,1000,1,0,8.82,0.0566133,7,7,0,0,1.42653,2.14165,10,5,30,10
../maps/kiva.map,CA-PIBT,300,1000,2,0,8.812,0.0522933,1,1,0,0,1.43571,2.12147,10,5,30,10
../maps/kiva.map,CA-PIBT,300,1000,3,0,8.845,0.0550667,1,1,0,0,1.45986,2.21428,10,5,30,10
../maps/kiva.map,CA-PIBT,300,1000,4,0,8.869,0.0521433,6,6,0,0,1.43924,2.19226,10,5,30,10
../maps/kiva.map,CA-PIBT,300,1000,5,0,8.877,0.05462,0,0,0,0,1.45464,2.21252,10,5,30,10
../maps/kiva.map,CA-PIBT-noRecover,300,1000,1,0,8.853,0.05653,7,0,0,0,1.41316,2.29708,10,5,30,10
../maps/kiva.map,CA-PIBT-noRecover,300,1000,2,0,8.77,0.05713,1,0,0,0,1.45689,2.30483,10,5,30,10
../maps/kiva.map,CA-PIBT-noRecover,300,1000,3,0,8.916,0.0538367,1,0,0,0,1.60069,2.14979,10,5,30,10
../maps/kiva.map,CA-PIBT-noRecover,300,1000,4,0,8.785,0.0547733,5,0,0,0,1.45629,2.10627,10,5,30,10
../maps/kiva.map,CA-PIBT-noRecover,300,1000,5,0,8.877,0.05462,0,0,0,0,1.45401,2.21252,10,5,30,10
../maps/kiva.map,CA-PIBT-noHighway,300,1000,1,0,8.582,0.05178,25,25,0,0,1.23838,2.27419,10,5,30,10
../maps/kiva.map,CA-PIBT-noHighway,300,1000,2,0,8.612,0.05259,6,6,0,0,1.20306,2.25106,10,5,30,10
../maps/kiva.map,CA-PIBT-noHighway,300,1000,3,0,8.552,0.04994,29,29,0,0,1.20209,2.00581,10,5,30,10
../maps/kiva.map,CA-PIBT-noHighway,300,1000,4,0,8.573,0.0519433,22,22,0,0,1.21851,2.24591,10,5,30,10
../maps/kiva.map,CA-PIBT-noHighway,300,1000,5,0,8.606,0.0526333,20,20,0,0,1.2003,2.15604,10,5,30,10
../maps/kiva.map,WPP,300,1000,4,0,4.078,0.478967,375,0,19518,0,53.9058,4.00266,10,5,30,10
../maps/kiva.map,H-PIBT+Recover,300,1000,1,0,8.654,0.0574067,8,8,0,0,1.27039,1.95699,0,0,30,10
../maps/kiva.map,H-PIBT+Recover,300,1000,2,0,8.668,0.05613,2,2,0,0,1.28425,1.97365,0,0,30,10
../maps/kiva.map,H-PIBT+Recover,300,1000,3,0,8.843,0.05639,0,0,0,0,1.25554,2.21272,0,0,30,10
../maps/kiva.map,H-PIBT+Recover,300,1000,4,0,8.635,0.0582,3,3,0,0,1.28196,2.16558,0,0,30,10
../maps/kiva.map,PIBT,350,1000,1,0,6.691,0.124226,445,0,0,0,0.107365,2.22851,10,5,30,10
../maps/kiva.map,PIBT,350,1000,2,0,7.242,0.10484,161,0,0,0,0.101265,2.22626,10,5,30,10
../maps/kiva.map,PIBT,350,1000,3,0,7.099,0.111794,257,0,0,0,0.100695,2.24944,10,5,30,10
../maps/kiva.map,H-PIBT+Recover,300,1000,5,0,8.687,0.0567067,1,1,0,0,1.29051,2.05137,0,0,30,10
../maps/kiva.map,PIBT,350,1000,4,0,6.878,0.116394,243,0,0,0,0.101632,2.12702,10,5,30,10
../maps/kiva.map,PIBT,350,1000,5,0,7.097,0.106231,202,0,0,0,0.106134,2.1792,10,5,30,10
../maps/kiva.map,H-PIBT,350,1000,1,0,9.654,0.07396,17,0,0,0,0.114788,1.96912,10,5,30,10
../maps/kiva.map,H-PIBT,350,1000,2,0,9.696,0.0720114,2,0,0,0,0.118138,1.93693,10,5,30,10
../maps/kiva.map,H-PIBT,350,1000,3,0,9.659,0.0722114,1,0,0,0,0.119078,2.00442,10,5,30,10
../maps/kiva.map,H-PIBT,350,1000,4,0,9.617,0.07104,16,0,0,0,0.126246,1.99808,10,5,30,10
../maps/kiva.map,H-PIBT,350,1000,5,0,9.731,0.07204,10,0,0,0,0.11349,2.06702,10,5,30,10
../maps/kiva.map,WPP,350,1000,2,0,8.538,0.14482,8,0,107,0,7.1932,1.70678,10,5,30,10
../maps/kiva.map,WPP,350,1000,3,0,8.547,0.146889,10,0,129,0,6.58796,1.64339,10,5,30,10
../maps/kiva.map,WPP,350,1000,1,0,4.476,0.515111,414,0,54767,0,34.6936,3.93967,10,5,30,10
../maps/kiva.map,WPP,350,1000,5,0,8.61,0.14534,27,0,511,0,9.11495,1.86548,10,5,30,10
../maps/kiva.map,CA-PIBT,350,1000,1,0,10.085,0.06644,12,12,0,0,1.73429,2.0887,10,5,30,10
../maps/kiva.map,CA-PIBT,350,1000,2,0,10.016,0.0661514,3,3,0,0,1.78625,2.05127,10,5,30,10
../maps/kiva.map,CA-PIBT,350,1000,3,0,10.033,0.0702343,2,2,0,0,1.79288,2.09618,10,5,30,10
../maps/kiva.map,CA-PIBT,350,1000,4,0,9.948,0.06972,7,7,0,0,1.76869,2.10538,10,5,30,10
../maps/kiva.map,CA-PIBT,350,1000,5,0,9.992,0.0699514,4,4,0,0,1.77797,2.08304,10,5,30,10
../maps/kiva.map,CA-PIBT-noRecover,350,1000,1,0,9.981,0.06758,12,0,0,0,1.7653,2.13501,10,5,30,10
../maps/kiva.map,CA-PIBT-noRecover,350,1000,2,0,10.011,0.0687171,3,0,0,0,1.75296,2.09202,10,5,30,10
../maps/kiva.map,CA-PIBT-noRecover,350,1000,3,0,10.073,0.0692857,1,0,0,0,1.72757,2.04943,10,5,30,10
../maps/kiva.map,CA-PIBT-noRecover,350,1000,4,0,9.929,0.0691743,11,0,0,0,1.75943,2.19444,10,5,30,10
../maps/kiva.map,WPP,350,1000,4,0,3.243,0.609111,500,0,78948,0,66.2082,3.68715,10,5,30,10
../maps/kiva.map,CA-PIBT-noRecover,350,1000,5,0,10.002,0.0688314,7,0,0,0,1.7107,2.14837,10,5,30,10
../maps/kiva.map,CA-PIBT-noHighway,350,1000,1,0,9.675,0.0653257,57,57,0,0,1.46599,2.03846,10,5,30,10
../maps/kiva.map,CA-PIBT-noHighway,350,1000,2,0,9.756,0.06398,23,23,0,0,1.46329,2.10338,10,5,30,10
../maps/kiva.map,CA-PIBT-noHighway,350,1000,3,0,9.707,0.0627343,27,27,0,0,1.43998,2.20926,10,5,30,10
../maps/kiva.map,CA-PIBT-noHighway,350,1000,4,0,9.628,0.0678343,70,70,0,0,1.46252,2.23956,10,5,30,10
../maps/kiva.map,CA-PIBT-noHighway,350,1000,5,0,9.68,0.0611543,37,37,0,0,1.43881,2.11177,10,5,30,10
../maps/kiva.map,H-PIBT+Recover,350,1000,1,0,9.693,0.0737371,13,13,0,0,1.62429,2.08141,0,0,30,10
../maps/kiva.map,H-PIBT+Recover,350,1000,2,0,9.759,0.0698686,2,2,0,0,1.55355,2.13822,0,0,30,10
../maps/kiva.map,H-PIBT+Recover,350,1000,3,0,9.73,0.0702057,1,1,0,0,1.56836,1.89284,0,0,30,10
../maps/kiva.map,H-PIBT+Recover,350,1000,4,0,9.758,0.0725314,8,8,0,0,1.52513,2.0135,0,0,30,10
../maps/kiva.map,PIBT,400,1000,1,0,7.384,0.129178,472,0,0,0,0.120063,2.16758,10,5,30,10
../maps/kiva.map,PIBT,400,1000,2,0,7.265,0.131538,557,0,0,0,0.120718,2.11331,10,5,30,10
../maps/kiva.map,PIBT,400,1000,3,0,7.033,0.141838,746,0,0,0,0.119971,2.42965,10,5,30,10
../maps/kiva.map,PIBT,400,1000,4,0,7.343,0.129085,498,0,0,0,0.121328,2.2726,10,5,30,10
../maps/kiva.map,H-PIBT+Recover,350,1000,5,0,9.758,0.0721286,7,7,0,0,1.57195,1.99783,0,0,30,10
../maps/kiva.map,PIBT,400,1000,5,0,7.648,0.12176,323,0,0,0,0.126125,2.19672,10,5,30,10
../maps/kiva.map,H-PIBT,400,1000,1,0,10.457,0.0897575,49,0,0,0,0.15561,1.89663,10,5,30,10
../maps/kiva.map,H-PIBT,400,1000,2,0,10.461,0.0863225,22,0,0,0,0.142296,2.01103,10,5,30,10
../maps/kiva.map,H-PIBT,400,1000,4,0,10.423,0.0876925,26,0,0,0,0.139244,2.01102,10,5,30,10
../maps/kiva.map,H-PIBT,400,1000,3,0,10.527,0.088385,15,0,0,0,0.139997,1.93046,10,5,30,10
../maps/kiva.map,H-PIBT,400,1000,5,0,10.428,0.0876525,21,0,0,0,0.137471,2.01124,10,5,30,10
../maps/kiva.map,WPP,400,1000,2,0,9.357,0.13798,59,0,2526,0,21.1645,1.82577,10,5,30,10
../maps/kiva.map,WPP,400,1000,1,0,2.301,0.64724,743,0,137133,0,44.3239,3.37361,10,5,30,10
../maps/kiva.map,WPP,400,1000,3,0,3.927,0.562753,686,0,61282,0,53.2392,3.487,10,5,30,10
../maps/kiva.map,WPP,400,1000,4,0,7.226,0.284303,642,0,37814,0,33.7775,3.28493,10,5,30,10
../maps/kiva.map,CA-PIBT,400,1000,1,0,10.9,0.0898925,22,22,0,0,2.10262,2.12897,10,5,30,10
../maps/kiva.map,CA-PIBT,400,1000,2,0,10.984,0.0815975,14,14,0,0,2.10233,2.16412,10,5,30,10
../maps/kiva.map,CA-PIBT,400,1000,3,0,11.061,0.0812175,7,7,0,0,2.03539,2.05955,10,5,30,10
../maps/kiva.map,CA-PIBT,400,1000,4,0,10.8,0.0891175,41,41,0,0,2.10529,2.17025,10,5,30,10
../maps/kiva.map,WPP,400,1000,5,0,9.329,0.137805,101,0,3940,0,22.9528,1.95538,10,5,30,10
../maps/kiva.map,CA-PIBT,400,1000,5,0,11.024,0.083275,12,12,0,0,2.05104,2.0375,10,5,30,10
../maps/kiva.map,CA-PIBT-noRecover,400,1000,1,0,10.948,0.083905,26,0,0,0,2.05177,2.06836,10,5,30,10
../maps/kiva.map,CA-PIBT-noRecover,400,1000,2,0,10.999,0.0809625,13,0,0,0,2.10955,1.92743,10,5,30,10
../maps/kiva.map,CA-PIBT-noRecover,400,1000,3,0,11.032,0.0822675,8,0,0,0,2.04133,2.1304,10,5,30,10
../maps/kiva.map,CA-PIBT-noRecover,400,1000,4,0,10.862,0.0882925,38,0,0,0,2.14052,2.0545,10,5,30,10
../maps/kiva.map,CA-PIBT-noHighway,400,1000,1,0,10.71,0.077295,69,69,0,0,1.76604,2.07349,10,5,30,10
../maps/kiva.map,CA-PIBT-noRecover,400,1000,5,0,11.075,0.0801525,13,0,0,0,2.03239,2.06757,10,5,30,10
../maps/kiva.map,CA-PIBT-noHighway,400,1000,3,0,10.689,0.08079,50,50,0,0,1.7413,2.13084,10,5,30,10
../maps/kiva.map,CA-PIBT-noHighway,400,1000,2,0,10.663,0.07763,60,60,0,0,1.78552,2.18522,10,5,30,10
../maps/kiva.map,CA-PIBT-noHighway,400,1000,4,0,10.649,0.078755,67,67,0,0,1.71251,1.96214,10,5,30,10
../maps/kiva.map,CA-PIBT-noHighway,400,1000,5,0,10.81,0.0724775,81,81,0,0,1.71782,2.04313,10,5,30,10
../maps/kiva.map,H-PIBT+Recover,400,1000,1,0,10.44,0.087705,26,26,0,0,1.87427,1.91703,0,0,30,10
../maps/kiva.map,H-PIBT+Recover,400,1000,2,0,10.395,0.0873975,19,19,0,0,1.90446,1.95891,0,0,30,10
../maps/kiva.map,H-PIBT+Recover,400,1000,3,0,10.485,0.086755,17,17,0,0,1.89993,1.95252,0,0,30,10
../maps/kiva.map,H-PIBT+Recover,400,1000,4,0,10.388,0.0887725,34,34,0,0,2.01058,1.97081,0,0,30,10
../maps/sortation_small.map,PIBT,50,1000,1,0,1.448,0.01116,0,0,0,0,0.0116108,3.09167,10,5,30,10
../maps/sortation_small.map,PIBT,50,1000,2,0,1.407,0.01158,0,0,0,0,0.0117294,2.47394,10,5,30,10
../maps/sortation_small.map,PIBT,50,1000,3,0,1.4,0.01134,0,0,0,0,0.011441,2.23607,10,5,30,10
../maps/sortation_small.map,PIBT,50,1000,4,0,1.411,0.01098,0,0,0,0,0.0116639,2.15676,10,5,30,10
../maps/sortation_small.map,PIBT,50,1000,5,0,1.395,0.01134,0,0,0,0,0.0116833,2.29129,10,5,30,10
../maps/sortation_small.map,H-PIBT,50,1000,1,0,1.387,0.00682,0,0,0,0,0.0133064,2.19827,10,5,30,10
../maps/sortation_small.map,H-PIBT,50,1000,2,0,1.427,0.0055,0,0,0,0,0.0134273,1.98202,10,5,30,10
../maps/sortation_small.map,H-PIBT,50,1000,3,0,1.38,0.0066,0,0,0,0,0.0135651,2.41661,10,5,30,10
../maps/sortation_small.map,H-PIBT,50,1000,4,0,1.383,0.0058,0,0,0,0,0.013283,2.4626,10,5,30,10
../maps/sortation_small.map,H-PIBT,50,1000,5,0,1.402,0.00618,0,0,0,0,0.0139976,2.69043,10,5,30,10
../maps/sortation_small.map,WPP,50,1000,1,0,1.289,0.11488,0,0,0,0,0.233663,1.96255,10,5,30,10
../maps/sortation_small.map,WPP,50,1000,2,0,1.286,0.11508,0,0,0,0,0.226233,1.85515,10,5,30,10
../maps/sortation_small.map,WPP,50,1000,3,0,1.304,0.11218,0,0,0,0,0.222158,2.07692,10,5,30,10
../maps/sortation_small.map,WPP,50,1000,4,0,1.312,0.1185,0,0,0,0,0.223823,1.7951,10,5,30,10
../maps/sortation_small.map,WPP,50,1000,5,0,1.301,0.11648,0,0,0,0,0.236061,1.72615,10,5,30,10
../maps/kiva.map,H-PIBT+Recover,400,1000,5,0,10.317,0.0886925,19,19,0,0,1.8807,1.95306,0,0,30,10
../maps/sortation_small.map,CA-PIBT,50,1000,1,0,1.367,0.00612,0,0,0,0,0.276598,2.12236,10,5,30,10
../maps/sortation_small.map,CA-PIBT,50,1000,2,0,1.375,0.00562,0,0,0,0,0.275325,2.09045,10,5,30,10
../maps/sortation_small.map,CA-PIBT,50,1000,3,0,1.402,0.00528,0,0,0,0,0.270395,2.52159,10,5,30,10
../maps/sortation_small.map,CA-PIBT,50,1000,4,0,1.415,0.0054,0,0,0,0,0.258768,2.85832,10,5,30,10
../maps/sortation_small.map,CA-PIBT,50,1000,5,0,1.373,0.00606,0,0,0,0,0.279241,2.35975,10,5,30,10
../maps/sortation_small.map,CA-PIBT-noRecover,50,1000,1,0,1.367,0.00612,0,0,0,0,0.27256,2.12236,10,5,30,10
../maps/sortation_small.map,CA-PIBT-noRecover,50,1000,2,0,1.375,0.00562,0,0,0,0,0.277243,2.09045,10,5,30,10
../maps/sortation_small.map,CA-PIBT-noRecover,50,1000,3,0,1.402,0.00528,0,0,0,0,0.26304,2.52159,10,5,30,10
../maps/sortation_small.map,CA-PIBT-noRecover,50,1000,4,0,1.415,0.0054,0,0,0,0,0.281266,2.85832,10,5,30,10
../maps/sortation_small.map,CA-PIBT-noRecover,50,1000,5,0,1.373,0.00606,0,0,0,0,0.268596,2.35975,10,5,30,10
../maps/sortation_small.map,CA-PIBT-noHighway,50,1000,1,0,1.451,0.00758,0,0,0,0,0.196079,2.34512,10,5,30,10
../maps/sortation_small.map,CA-PIBT-noHighway,50,1000,2,0,1.43,0.00858,0,0,0,0,0.202912,2.28035,10,5,30,10
../maps/sortation_small.map,CA-PIBT-noHighway,50,1000,3,0,1.483,0.00784,0,0,0,0,0.198122,2.37158,10,5,30,10
../maps/sortation_small.map,CA-PIBT-noHighway,50,1000,4,0,1.468,0.00878,0,0,0,0,0.195317,2.35593,10,5,30,10
../maps/sortation_small.map,CA-PIBT-noHighway,50,1000,5,0,1.458,0.00792,0,0,0,0,0.198721,2.02346,10,5,30,10
../maps/sortation_small.map,H-PIBT+Recover,50,1000,1,0,1.387,0.00682,0,0,0,0,0.251412,2.19827,0,0,30,10
../maps/sortation_small.map,H-PIBT+Recover,50,1000,2,0,1.427,0.0055,0,0,0,0,0.249871,1.98202,0,0,30,10
../maps/sortation_small.map,H-PIBT+Recover,50,1000,3,0,1.38,0.0066,0,0,0,0,0.253991,2.41661,0,0,30,10
../maps/sortation_small.map,H-PIBT+Recover,50,1000,4,0,1.383,0.0058,0,0,0,0,0.262746,2.4626,0,0,30,10
../maps/sortation_small.map,PIBT,100,1000,1,0,2.742,0.02479,0,0,0,0,0.02416,2.0937,10,5,30,10
../maps/sortation_small.map,PIBT,100,1000,2,0,2.756,0.02303,0,0,0,0,0.0251914,2.1039,10,5,30,10
../maps/sortation_small.map,PIBT,100,1000,3,0,2.693,0.02413,0,0,0,0,0.0242988,2.47085,10,5,30,10
../maps/sortation_small.map,H-PIBT+Recover,50,1000,5,0,1.402,0.00618,0,0,0,0,0.248467,2.69043,0,0,30,10
../maps/sortation_small.map,PIBT,100,1000,4,0,2.735,0.02348,1,0,0,0,0.0244153,2.12779,10,5,30,10
../maps/sortation_small.map,PIBT,100,1000,5,0,2.699,0.02414,2,0,0,0,0.0247834,2.18401,10,5,30,10
../maps/sortation_small.map,H-PIBT,100,1000,1,0,2.748,0.01234,0,0,0,0,0.0296304,2.21576,10,5,30,10
../maps/sortation_small.map,H-PIBT,100,1000,2,0,2.74,0.01258,0,0,0,0,0.0268437,2.27596,10,5,30,10
../maps/sortation_small.map,H-PIBT,100,1000,3,0,2.766,0.01282,0,0,0,0,0.0324933,2.21007,10,5,30,10
../maps/sortation_small.map,H-PIBT,100,1000,4,0,2.735,0.0126,0,0,0,0,0.0280694,2.35956,10,5,30,10
../maps/sortation_small.map,H-PIBT,100,1000,5,0,2.771,0.01246,0,0,0,0,0.0297861,2.23291,10,5,30,10
../maps/sortation_small.map,WPP,100,1000,1,0,2.503,0.14536,7,0,0,0,0.621859,3.07068,10,5,30,10
../maps/sortation_small.map,WPP,100,1000,2,0,2.44,0.16277,20,0,0,0,0.639097,3.56651,10,5,30,10
../maps/sortation_small.map,WPP,100,1000,3,0,2.58,0.12285,0,0,0,0,0.483768,1.82757,10,5,30,10
../maps/sortation_small.map,WPP,100,1000,4,0,2.555,0.12162,0,0,0,0,0.53484,1.82414,10,5,30,10
../maps/sortation_small.map,WPP,100,1000,5,0,2.583,0.12216,0,0,0,0,0.488233,2.03497,10,5,30,10
../maps/sortation_small.map,CA-PIBT,100,1000,2,0,2.728,0.01221,0,0,0,0,0.561317,2.26751,10,5,30,10
../maps/sortation_small.map,CA-PIBT,100,1000,1,0,2.734,0.01246,0,0,0,0,0.602079,2.44221,10,5,30,10
../maps/sortation_small.map,CA-PIBT,100,1000,3,0,2.768,0.01253,0,0,0,0,0.549676,2.02919,10,5,30,10
../maps/sortation_small.map,CA-PIBT,100,1000,4,0,2.725,0.01193,0,0,0,0,0.586742,2.3297,10,5,30,10
../maps/sortation_small.map,CA-PIBT,100,1000,5,0,2.72,0.01228,0,0,0,0,0.567177,2.41661,10,5,30,10
../maps/sortation_small.map,CA-PIBT-noRecover,100,1000,1,0,2.734,0.01246,0,0,0,0,0.580552,2.44221,10,5,30,10
../maps/sortation_small.map,CA-PIBT-noRecover,100,1000,2,0,2.728,0.01221,0,0,0,0,0.563113,2.26751,10,5,30,10
../maps/sortation_small.map,CA-PIBT-noRecover,100,1000,3,0,2.768,0.01253,0,0,0,0,0.589513,2.02919,10,5,30,10
../maps/sortation_small.map,CA-PIBT-noRecover,100,1000,4,0,2.725,0.01193,0,0,0,0,0.571769,2.3297,10,5,30,10
../maps/sortation_small.map,CA-PIBT-noRecover,100,1000,5,0,2.72,0.01228,0,0,0,0,0.57825,2.41661,10,5,30,10
../maps/sortation_small.map,CA-PIBT-noHighway,100,1000,1,0,2.865,0.0168,0,0,0,0,0.416411,2.45102,10,5,30,10
../maps/sortation_small.map,CA-PIBT-noHighway,100,1000,2,0,2.883,0.01571,0,0,0,0,0.422586,2.36244,10,5,30,10
../maps/sortation_small.map,CA-PIBT-noHighway,100,1000,3,0,2.882,0.01566,0,0,0,0,0.420728,2.32972,10,5,30,10
../maps/sortation_small.map,CA-PIBT-noHighway,100,1000,4,0,2.884,0.01648,0,0,0,0,0.414244,2.55625,10,5,30,10
../maps/sortation_small.map,CA-PIBT-noHighway,100,1000,5,0,2.892,0.01525,0,0,0,0,0.416078,2.49271,10,5,30,10
../maps/sortation_small.map,H-PIBT+Recover,100,1000,1,0,2.748,0.01234,0,0,0,0,0.5144,2.21576,0,0,30,10
../maps/sortation_small.map,H-PIBT+Recover,100,1000,2,0,2.74,0.01258,0,0,0,0,0.505031,2.27596,0,0,30,10
../maps/sortation_small.map,H-PIBT+Recover,100,1000,3,0,2.766,0.01282,0,0,0,0,0.510446,2.21007,0,0,30,10
../maps/sortation_small.map,H-PIBT+Recover,100,1000,4,0,2.735,0.0126,0,0,0,0,0.511104,2.35956,0,0,30,10
../maps/sortation_small.map,PIBT,200,1000,1,0,4.961,0.052065,6,0,0,0,0.0509991,2.25986,10,5,30,10
../maps/sortation_small.map,PIBT,200,1000,2,0,4.912,0.05424,4,0,0,0,0.0511749,2.13223,10,5,30,10
../maps/sortation_small.map,H-PIBT+Recover,100,1000,5,0,2.771,0.01246,0,0,0,0,0.516366,2.23291,0,0,30,10
../maps/sortation_small.map,PIBT,200,1000,3,0,4.995,0.05212,5,0,0,0,0.051358,2.11999,10,5,30,10
../maps/sortation_small.map,PIBT,200,1000,4,0,4.905,0.05371,9,0,0,0,0.0509369,2.15856,10,5,30,10
../maps/sortation_small.map,PIBT,200,1000,5,0,4.915,0.053825,8,0,0,0,0.0507274,2.21232,10,5,30,10
../maps/sortation_small.map,H-PIBT,200,1000,1,0,5.313,0.02891,0,0,0,0,0.0620113,2.16928,10,5,30,10
../maps/sortation_small.map,H-PIBT,200,1000,2,0,5.301,0.029345,0,0,0,0,0.0603636,2.24944,10,5,30,10
../maps/sortation_small.map,H-PIBT,200,1000,3,0,5.307,0.0274,0,0,0,0,0.0636749,2.16997,10,5,30,10
../maps/sortation_small.map,H-PIBT,200,1000,4,0,5.325,0.027995,0,0,0,0,0.0629471,2.36947,10,5,30,10
../maps/sortation_small.map,H-PIBT,200,1000,5,0,5.319,0.029015,0,0,0,0,0.0630595,2.25853,10,5,30,10
../maps/sortation_small.map,WPP,200,1000,2,0,3.587,0.370805,171,0,9073,0,21.7351,6.35459,10,5,30,10
../maps/sortation_small.map,WPP,200,1000,3,0,3.588,0.366735,138,0,1,0,2.77113,6.86268,10,5,30,10
../maps/sortation_small.map,WPP,200,1000,1,0,2.77,0.48014,186,0,11678,0,31.5261,7.06594,10,5,30,10
../maps/sortation_small.map,WPP,200,1000,4,0,2.251,0.511215,235,0,34573,0,30.1335,6.4591,10,5,30,10
../maps/sortation_small.map,CA-PIBT,200,1000,1,0,5.34,0.027915,0,0,0,0,1.18172,2.22261,10,5,30,10
../maps/sortation_small.map,CA-PIBT,200,1000,2,0,5.304,0.028105,0,0,0,0,1.18698,2.3194,10,5,30,10
../maps/sortation_small.map,WPP,200,1000,5,0,1.934,0.64291,204,0,48376,0,29.066,5.32645,10,5,30,10
../maps/sortation_small.map,CA-PIBT,200,1000,4,0,5.296,0.02768,0,0,0,0,1.20696,2.16324,10,5,30,10
../maps/sortation_small.map,CA-PIBT,200,1000,3,0,5.384,0.027935,0,0,0,0,1.21714,2.18028,10,5,30,10
../maps/sortation_small.map,CA-PIBT,200,1000,5,0,5.33,0.028525,0,0,0,0,1.18122,2.41609,10,5,30,10
../maps/sortation_small.map,CA-PIBT-noRecover,200,1000,1,0,5.34,0.027915,0,0,0,0,1.19442,2.22261,10,5,30,10
../maps/sortation_small.map,CA-PIBT-noRecover,200,1000,2,0,5.304,0.028105,0,0,0,0,1.19838,2.3194,10,5,30,10
../maps/sortation_small.map,CA-PIBT-noRecover,200,1000,3,0,5.384,0.027935,0,0,0,0,1.17621,2.18028,10,5,30,10
../maps/sortation_small.map,CA-PIBT-noRecover,200,1000,4,0,5.296,0.02768,0,0,0,0,1.18302,2.16324,10,5,30,10
../maps/sortation_small.map,CA-PIBT-noRecover,200,1000,5,0,5.33,0.028525,0,0,0,0,1.18055,2.41609,10,5,30,10
../maps/sortation_small.map,CA-PIBT-noHighway,200,1000,1,0,5.571,0.03507,1,1,0,0,0.895259,2.36093,10,5,30,10
../maps/sortation_small.map,CA-PIBT-noHighway,200,1000,2,0,5.569,0.035735,0,0,0,0,0.917158,2.14266,10,5,30,10
../maps/sortation_small.map,CA-PIBT-noHighway,200,1000,3,0,5.549,0.03682,3,3,0,0,0.903714,2.30434,10,5,30,10
../maps/sortation_small.map,CA-PIBT-noHighway,200,1000,4,0,5.537,0.03603,1,1,0,0,0.901537,2.30776,10,5,30,10
../maps/sortation_small.map,CA-PIBT-noHighway,200,1000,5,0,5.512,0.03657,0,0,0,0,0.897976,2.12988,10,5,30,10
../maps/sortation_small.map,H-PIBT+Recover,200,1000,1,0,5.313,0.02891,0,0,0,0,1.06448,2.16928,0,0,30,10
../maps/sortation_small.map,H-PIBT+Recover,200,1000,2,0,5.301,0.029345,0,0,0,0,1.05126,2.24944,0,0,30,10
../maps/sortation_small.map,H-PIBT+Recover,200,1000,3,0,5.307,0.0274,0,0,0,0,1.06806,2.16997,0,0,30,10
../maps/sortation_small.map,H-PIBT+Recover,200,1000,4,0,5.325,0.027995,0,0,0,0,1.05304,2.36947,0,0,30,10
../maps/sortation_small.map,PIBT,300,1000,1,0,6.608,0.0890533,35,0,0,0,0.0804225,2.07989,10,5,30,10
../maps/sortation_small.map,H-PIBT+Recover,200,1000,5,0,5.319,0.029015,0,0,0,0,1.09051,2.25853,0,0,30,10
../maps/sortation_small.map,PIBT,300,1000,2,0,6.628,0.0893467,41,0,0,0,0.080384,2.01444,10,5,30,10
../maps/sortation_small.map,PIBT,300,1000,3,0,6.647,0.0873067,35,0,0,0,0.0879139,2.11631,10,5,30,10
../maps/sortation_small.map,PIBT,300,1000,4,0,6.599,0.0885733,31,0,0,0,0.0800987,2.02237,10,5,30,10
../maps/sortation_small.map,PIBT,300,1000,5,0,6.614,0.0891567,38,0,0,0,0.0863973,2.04397,10,5,30,10
../maps/sortation_small.map,H-PIBT,300,1000,1,0,7.578,0.04923,0,0,0,0,0.0984971,2.02626,10,5,30,10
../maps/sortation_small.map,H-PIBT,300,1000,2,0,7.59,0.05065,1,0,0,0,0.105017,2.00416,10,5,30,10
../maps/sortation_small.map,H-PIBT,300,1000,3,0,7.611,0.05042,0,0,0,0,0.099865,2.10708,10,5,30,10
../maps/sortation_small.map,H-PIBT,300,1000,4,0,7.674,0.0487467,1,0,0,0,0.10306,2.13157,10,5,30,10
../maps/sortation_small.map,H-PIBT,300,1000,5,0,7.62,0.0494467,0,0,0,0,0.0984473,2.06559,10,5,30,10
../maps/sortation_small.map,WPP,300,1000,2,0,3.913,0.46216,446,0,39410,0,41.6732,6.50549,10,5,30,10
../maps/sortation_small.map,WPP,300,1000,1,0,2.647,0.645743,314,0,16726,0,64.615,4.05694,10,5,30,10
../maps/sortation_small.map,WPP,300,1000,3,0,2.555,0.605363,392,0,26939,0,58.7095,4.87268,10,5,30,10
../maps/sortation_small.map,WPP,300,1000,4,0,2.337,0.565923,507,0,77365,0,46.2165,5.33972,10,5,30,10
../maps/sortation_small.map,CA-PIBT,300,1000,1,0,7.682,0.0553567,0,0,0,0,1.84085,2.12257,10,5,30,10
../maps/sortation_small.map,CA-PIBT,300,1000,2,0,7.775,0.05208,0,0,0,0,1.83933,2.05176,10,5,30,10
../maps/sortation_small.map,CA-PIBT,300,1000,3,0,7.756,0.0552733,0,0,0,0,1.85504,2.1875,10,5,30,10
../maps/sortation_small.map,CA-PIBT,300,1000,4,0,7.782,0.0557533,1,1,0,0,1.81799,2.10944,10,5,30,10
../maps/sortation_small.map,CA-PIBT,300,1000,5,0,7.719,0.0549067,0,0,0,0,1.82872,2.06327,10,5,30,10
../maps/sortation_small.map,CA-PIBT-noRecover,300,1000,1,0,7.682,0.0553567,0,0,0,0,1.84634,2.12257,10,5,30,10
../maps/sortation_small.map,CA-PIBT-noRecover,300,1000,2,0,7.775,0.05208,0,0,0,0,1.84379,2.05176,10,5,30,10
../maps/sortation_small.map,CA-PIBT-noRecover,300,1000,3,0,7.756,0.0552733,0,0,0,0,1.85604,2.1875,10,5,30,10
../maps/sortation_small.map,CA-PIBT-noRecover,300,1000,4,0,7.706,0.0583333,1,0,0,0,1.90526,2.22452,10,5,30,10
../maps/sortation_small.map,CA-PIBT-noRecover,300,1000,5,0,7.719,0.0549067,0,0,0,0,1.8595,2.06327,10,5,30,10
../maps/sortation_small.map,CA-PIBT-noHighway,300,1000,1,0,8.025,0.0582833,5,5,0,0,1.45907,2.1168,10,5,30,10
../maps/sortation_small.map,WPP,300,1000,5,0,3.377,0.570483,300,0,3676,0,50.6789,5.45321,10,5,30,10
../maps/sortation_small.map,CA-PIBT-noHighway,300,1000,2,0,8.013,0.0593,4,4,0,0,1.44645,2.18767,10,5,30,10
../maps/sortation_small.map,CA-PIBT-noHighway,300,1000,3,0,7.994,0.0595467,4,4,0,0,1.47026,2.27929,10,5,30,10
../maps/sortation_small.map,CA-PIBT-noHighway,300,1000,4,0,8.036,0.0594167,2,2,0,0,1.44613,2.14503,10,5,30,10
../maps/sortation_small.map,CA-PIBT-noHighway,300,1000,5,0,7.959,0.0618067,5,5,0,0,1.56504,2.26916,10,5,30,10
../maps/sortation_small.map,H-PIBT+Recover,300,1000,1,0,7.578,0.04923,0,0,0,0,1.76546,2.02626,0,0,30,10
../maps/sortation_small.map,H-PIBT+Recover,300,1000,2,0,7.65,0.04993,1,1,0,0,1.68014,2.05994,0,0,30,10
../maps/sortation_small.map,H-PIBT+Recover,300,1000,3,0,7.611,0.05042,0,0,0,0,1.68434,2.10708,0,0,30,10
../maps/sortation_small.map,H-PIBT+Recover,300,1000,4,0,7.62,0.04927,2,2,0,0,1.67883,2.16333,0,0,30,10
../maps/sortation_small.map,PIBT,400,1000,1,0,7.64,0.134785,148,0,0,0,0.117372,1.91572,10,5,30,10
../maps/sortation_small.map,PIBT,400,1000,2,0,7.744,0.13288,156,0,0,0,0.111947,2.10723,10,5,30,10
../maps/sortation_small.map,PIBT,400,1000,3,0,7.758,0.129583,140,0,0,0,0.114873,1.96315,10,5,30,10
../maps/sortation_small.map,PIBT,400,1000,4,0,7.793,0.129532,120,0,0,0,0.116304,1.95951,10,5,30,10
../maps/sortation_small.map,PIBT,400,1000,5,0,7.569,0.13391,160,0,0,0,0.114114,1.93171,10,5,30,10
../maps/sortation_small.map,H-PIBT+Recover,300,1000,5,0,7.62,0.0494467,0,0,0,0,1.68536,2.06559,0,0,30,10
../maps/sortation_small.map,H-PIBT,400,1000,1,0,9.512,0.076295,3,0,0,0,0.140802,1.91745,10,5,30,10
../maps/sortation_small.map,H-PIBT,400,1000,2,0,9.475,0.07528,5,0,0,0,0.153454,2.02234,10,5,30,10
../maps/sortation_small.map,H-PIBT,400,1000,3,0,9.572,0.0747725,9,0,0,0,0.13645,1.87752,10,5,30,10
../maps/sortation_small.map,H-PIBT,400,1000,4,0,9.549,0.077145,2,0,0,0,0.149378,1.86447,10,5,30,10
../maps/sortation_small.map,H-PIBT,400,1000,5,0,9.547,0.0764675,7,0,0,0,0.140547,1.93131,10,5,30,10
../maps/sortation_small.map,WPP,400,1000,2,0,2.705,0.547323,978,0,106325,0,49.9393,3.35948,10,5,30,10
../maps/sortation_small.map,WPP,400,1000,1,0,3.538,0.598878,438,0,38371,0,78.3069,3.80407,10,5,30,10
../maps/sortation_small.map,WPP,400,1000,3,0,3.208,0.650003,436,0,115252,0,64.7775,2.4667,10,5,30,10
../maps/sortation_small.map,WPP,400,1000,4,0,4.25,0.520305,564,0,91707,0,42.9336,3.26793,10,5,30,10
../maps/sortation_small.map,CA-PIBT,400,1000,1,0,9.575,0.0948225,11,11,0,0,2.67336,2.05027,10,5,30,10
../maps/sortation_small.map,CA-PIBT,400,1000,2,0,9.675,0.0895525,4,4,0,0,2.65977,1.96019,10,5,30,10
../maps/sortation_small.map,CA-PIBT,400,1000,3,0,9.749,0.0898775,7,7,0,0,2.62757,2.12573,10,5,30,10
../maps/sortation_small.map,CA-PIBT,400,1000,4,0,9.624,0.0945375,17,17,0,0,2.613,1.9853,10,5,30,10
../maps/sortation_small.map,CA-PIBT,400,1000,5,0,9.642,0.09302,16,16,0,0,2.61764,2.08662,10,5,30,10
../maps/sortation_small.map,CA-PIBT-noRecover,400,1000,1,0,9.603,0.0933125,14,0,0,0,2.66256,1.97419,10,5,30,10
../maps/sortation_small.map,CA-PIBT-noRecover,400,1000,2,0,9.665,0.088585,11,0,0,0,2.69222,2.0362,10,5,30,10
../maps/sortation_small.map,CA-PIBT-noRecover,400,1000,3,0,9.62,0.0964625,19,0,0,0,2.70421,2.01184,10,5,30,10
../maps/sortation_small.map,CA-PIBT-noRecover,400,1000,4,0,9.663,0.095865,17,0,0,0,2.68707,2.02304,10,5,30,10
../maps/sortation_small.map,CA-PIBT-noRecover,400,1000,5,0,9.658,0.094735,8,0,0,0,2.67869,2.0746,10,5,30,10
../maps/sortation_small.map,CA-PIBT-noHighway,400,1000,1,0,10.073,0.0891925,25,25,0,0,2.06133,1.95172,10,5,30,10
../maps/sortation_small.map,CA-PIBT-noHighway,400,1000,2,0,10.041,0.0886075,36,36,0,0,2.04225,2.0401,10,5,30,10
../maps/sortation_small.map,CA-PIBT-noHighway,400,1000,3,0,10.004,0.0855575,34,34,0,0,2.0766,2.08804,10,5,30,10
../maps/sortation_small.map,CA-PIBT-noHighway,400,1000,4,0,10.016,0.087865,20,20,0,0,2.07086,2.30508,10,5,30,10
../maps/sortation_small.map,CA-PIBT-noHighway,400,1000,5,0,10.101,0.08473,37,37,0,0,2.0166,2.07575,10,5,30,10
../maps/sortation_small.map,WPP,400,1000,5,0,2.54,0.64722,523,0,93565,0,77.7485,3.0385,10,5,30,10
../maps/sortation_small.map,H-PIBT+Recover,400,1000,1,0,9.555,0.0747075,4,4,0,0,2.40229,1.89996,0,0,30,10
../maps/sortation_small.map,H-PIBT+Recover,400,1000,2,0,9.631,0.073405,3,3,0,0,2.31803,1.92002,0,0,30,10
../maps/sortation_small.map,H-PIBT+Recover,400,1000,3,0,9.545,0.0741325,4,4,0,0,2.33455,1.92837,0,0,30,10
../maps/sortation_small.map,H-PIBT+Recover,400,1000,4,0,9.507,0.074425,7,7,0,0,2.32916,1.82714,0,0,30,10
../maps/sortation_small.map,PIBT,500,1000,1,0,7.526,0.201134,845,0,0,0,0.147408,2.07203,10,5,30,10
../maps/sortation_small.map,PIBT,500,1000,2,0,7.962,0.187686,629,0,0,0,0.146994,1.90321,10,5,30,10
../maps/sortation_small.map,PIBT,500,1000,3,0,7.563,0.19707,841,0,0,0,0.143765,1.94374,10,5,30,10
../maps/sortation_small.map,PIBT,500,1000,4,0,7.853,0.19025,686,0,0,0,0.147551,1.98383,10,5,30,10
../maps/sortation_small.map,H-PIBT+Recover,400,1000,5,0,9.552,0.0747475,6,6,0,0,2.32584,1.93406,0,0,30,10
../maps/sortation_small.map,PIBT,500,1000,5,0,7.932,0.189292,609,0,0,0,0.149894,2.0262,10,5,30,10
../maps/sortation_small.map,H-PIBT,500,1000,1,0,10.949,0.103764,25,0,0,0,0.188192,1.79209,10,5,30,10
../maps/sortation_small.map,H-PIBT,500,1000,2,0,10.986,0.103074,30,0,0,0,0.181429,1.90242,10,5,30,10
../maps/sortation_small.map,H-PIBT,500,1000,3,0,11.03,0.104174,35,0,0,0,0.175811,1.87947,10,5,30,10
../maps/sortation_small.map,H-PIBT,500,1000,4,0,10.965,0.103892,43,0,0,0,0.187739,1.83878,10,5,30,10
../maps/sortation_small.map,H-PIBT,500,1000,5,0,11.003,0.103232,32,0,0,0,0.178459,1.89999,10,5,30,10
../maps/sortation_small.map,WPP,500,1000,1,0,2.364,0.636194,1059,0,164462,0,64.0639,2.91993,10,5,30,10
../maps/sortation_small.map,WPP,500,1000,2,0,2.218,0.656626,1021,0,182294,0,63.8498,2.18584,10,5,30,10
../maps/sortation_small.map,WPP,500,1000,3,0,2.389,0.605958,1215,0,156384,0,70.7356,2.84899,10,5,30,10
../maps/sortation_small.map,WPP,500,1000,4,0,2.541,0.59388,1090,0,140265,0,73.2294,3.14949,10,5,30,10
../maps/sortation_small.map,CA-PIBT,500,1000,1,0,11.117,0.132772,65,65,0,0,3.50127,1.83827,10,5,30,10
../maps/sortation_small.map,CA-PIBT,500,1000,2,0,11.128,0.131684,69,69,0,0,3.52661,1.93971,10,5,30,10
../maps/sortation_small.map,CA-PIBT,500,1000,3,0,11.045,0.131476,85,85,0,0,3.52171,1.96517,10,5,30,10
../maps/sortation_small.map,CA-PIBT,500,1000,4,0,11.125,0.131616,75,75,0,0,3.54341,1.95128,10,5,30,10
../maps/sortation_small.map,CA-PIBT,500,1000,5,0,11.064,0.133798,66,66,0,0,3.53113,1.85785,10,5,30,10
../maps/sortation_small.map,CA-PIBT-noRecover,500,1000,1,0,11.016,0.139362,70,0,0,0,3.55516,1.94087,10,5,30,10
../maps/sortation_small.map,CA-PIBT-noRecover,500,1000,2,0,11.209,0.129436,61,0,0,0,3.47942,1.89295,10,5,30,10
../maps/sortation_small.map,CA-PIBT-noRecover,500,1000,3,0,11.092,0.134238,77,0,0,0,3.53827,1.89054,10,5,30,10
../maps/sortation_small.map,WPP,500,1000,5,0,2.864,0.631688,1207,0,158171,0,59.3505,2.75935,10,5,30,10
../maps/sortation_small.map,CA-PIBT-noRecover,500,1000,4,0,11.144,0.132562,78,0,0,0,3.51867,1.82128,10,5,30,10
../maps/sortation_small.map,CA-PIBT-noHighway,500,1000,1,0,11.591,0.11585,110,110,0,0,2.77432,2.02901,10,5,30,10
../maps/sortation_small.map,CA-PIBT-noRecover,500,1000,5,0,11.215,0.133744,66,0,0,0,3.55515,1.87112,10,5,30,10
../maps/sortation_small.map,CA-PIBT-noHighway,500,1000,2,0,11.679,0.11594,100,100,0,0,2.70701,1.91777,10,5,30,10
../maps/sortation_small.map,CA-PIBT-noHighway,500,1000,3,0,11.581,0.117266,106,106,0,0,2.76901,1.95442,10,5,30,10
../maps/sortation_small.map,CA-PIBT-noHighway,500,1000,4,0,11.626,0.11734,75,75,0,0,2.7092,1.94538,10,5,30,10
../maps/sortation_small.map,CA-PIBT-noHighway,500,1000,5,0,11.555,0.123288,78,78,0,0,2.80895,2.01343,10,5,30,10
../maps/sortation_small.map,H-PIBT+Recover,500,1000,1,0,10.939,0.104418,19,19,0,0,3.06942,1.87593,0,0,30,10
../maps/sortation_small.map,H-PIBT+Recover,500,1000,2,0,11.092,0.101506,24,24,0,0,3.07976,1.81277,0,0,30,10
../maps/sortation_small.map,H-PIBT+Recover,500,1000,3,0,10.973,0.105924,33,33,0,0,3.06547,1.80972,0,0,30,10
../maps/sortation_small.map,H-PIBT+Recover,500,1000,4,0,11.003,0.103528,33,33,0,0,3.07143,1.77369,0,0,30,10
../maps/sortation_small.map,PIBT,600,1000,1,0,6.949,0.257973,2341,0,0,0,0.172866,2.17025,10,5,30,10
../maps/sortation_small.map,PIBT,600,1000,2,0,6.671,0.264017,2762,0,0,0,0.177087,2.15043,10,5,30,10
../maps/sortation_small.map,PIBT,600,1000,3,0,6.824,0.261292,2488,0,0,0,0.175578,2.16809,10,5,30,10
../maps/sortation_small.map,PIBT,600,1000,4,0,6.763,0.260048,2446,0,0,0,0.177245,2.15357,10,5,30,10
../maps/sortation_small.map,PIBT,600,1000,5,0,7.166,0.254818,2075,0,0,0,0.178632,2.02405,10,5,30,10
../maps/sortation_small.map,H-PIBT,600,1000,1,0,12.098,0.130748,98,0,0,0,0.210928,1.6391,10,5,30,10
../maps/sortation_small.map,H-PIBT+Recover,500,1000,5,0,10.964,0.10516,43,43,0,0,3.07211,1.88542,0,0,30,10
../maps/sortation_small.map,H-PIBT,600,1000,2,0,12.021,0.129605,90,0,0,0,0.224932,1.69128,10,5,30,10
../maps/sortation_small.map,H-PIBT,600,1000,3,0,11.943,0.134088,118,0,0,0,0.208995,1.86261,10,5,30,10
../maps/sortation_small.map,H-PIBT,600,1000,4,0,12.064,0.128362,112,0,0,0,0.219494,1.76313,10,5,30,10
../maps/sortation_small.map,H-PIBT,600,1000,5,0,11.998,0.1316,122,0,0,0,0.206842,1.79814,10,5,30,10
../maps/sortation_small.map,WPP,600,1000,1,0,1.48,0.705442,2233,0,234926,0,76.2028,1.47498,10,5,30,10
../maps/sortation_small.map,WPP,600,1000,2,0,1.675,0.708715,2251,0,241060,0,78.4805,1.69654,10,5,30,10
../maps/sortation_small.map,WPP,600,1000,3,0,1.736,0.698292,2430,0,227125,0,75.1085,2.10364,10,5,30,10
../maps/sortation_small.map,WPP,600,1000,4,0,2.161,0.64076,1536,0,192706,0,87.5145,2.51654,10,5,30,10
../maps/sortation_small.map,CA-PIBT,600,1000,1,0,12.18,0.163293,211,211,0,0,4.45727,1.90788,10,5,30,10
../maps/sortation_small.map,CA-PIBT,600,1000,2,0,12.001,0.161853,265,265,0,0,4.55967,1.87305,10,5,30,10
../maps/sortation_small.map,CA-PIBT,600,1000,3,0,12.037,0.165905,239,239,0,0,4.60148,1.89417,10,5,30,10
../maps/sortation_small.map,CA-PIBT,600,1000,4,0,12.151,0.163563,210,210,0,0,4.53997,1.88016,10,5,30,10
../maps/sortation_small.map,CA-PIBT,600,1000,5,0,12.235,0.16332,184,184,0,0,4.4614,1.79859,10,5,30,10
../maps/sortation_small.map,CA-PIBT-noRecover,600,1000,1,0,12.175,0.16708,234,0,0,0,4.46182,1.79349,10,5,30,10
../maps/sortation_small.map,CA-PIBT-noRecover,600,1000,2,0,12.209,0.165907,190,0,0,0,4.57467,1.78054,10,5,30,10
../maps/sortation_small.map,CA-PIBT-noRecover,600,1000,3,0,12.107,0.165628,223,0,0,0,4.55318,1.91308,10,5,30,10
../maps/sortation_small.map,WPP,600,1000,5,0,1.832,0.667828,2210,0,211599,0,77.4441,2.09773,10,5,30,10
../maps/sortation_small.map,CA-PIBT-noRecover,600,1000,4,0,12.193,0.163908,161,0,0,0,4.56239,1.85154,10,5,30,10
../maps/sortation_small.map,CA-PIBT-noRecover,600,1000,5,0,12.172,0.166925,185,0,0,0,4.46925,1.90293,10,5,30,10
../maps/sortation_small.map,CA-PIBT-noHighway,600,1000,1,0,12.626,0.148882,235,235,0,0,3.56761,1.8863,10,5,30,10
../maps/sortation_small.map,CA-PIBT-noHighway,600,1000,2,0,12.774,0.14551,222,222,0,0,3.53331,1.9068,10,5,30,10
../maps/sortation_small.map,CA-PIBT-noHighway,600,1000,3,0,12.586,0.151212,268,268,0,0,3.62373,1.90336,10,5,30,10
../maps/sortation_small.map,CA-PIBT-noHighway,600,1000,4,0,12.804,0.146578,202,202,0,0,3.63924,1.82146,10,5,30,10
../maps/sortation_small.map,CA-PIBT-noHighway,600,1000,5,0,12.829,0.14565,193,193,0,0,3.54845,1.93028,10,5,30,10
../maps/sortation_small.map,H-PIBT+Recover,600,1000,1,0,12.087,0.128818,79,79,0,0,3.95603,1.75328,0,0,30,10
../maps/sortation_small.map,H-PIBT+Recover,600,1000,2,0,12.068,0.133375,113,113,0,0,3.92664,1.84946,0,0,30,10
../maps/sortation_small.map,H-PIBT+Recover,600,1000,3,0,11.999,0.13174,101,101,0,0,3.9076,1.78092,0,0,30,10
../maps/sortation_small.map,H-PIBT+Recover,600,1000,4,0,12.188,0.129308,96,96,0,0,3.97512,1.68873,0,0,30,10
../maps/random-32-32-20.map,PIBT,50,1000,1,0,1.993,0.02692,2,0,0,0,0.0126341,3.65519,10,5,30,10
../maps/random-32-32-20.map,PIBT,50,1000,2,0,1.077,0.46678,51,0,0,0,0.0117343,7.51055,10,5,30,10
../maps/random-32-32-20.map,PIBT,50,1000,3,0,2.019,0.02476,0,0,0,0,0.0125189,3.4111,10,5,30,10
../maps/random-32-32-20.map,PIBT,50,1000,4,0,1.976,0.02528,0,0,0,0,0.012676,3.3421,10,5,30,10
../maps/random-32-32-20.map,PIBT,50,1000,5,0,1.965,0.02562,1,0,0,0,0.0146467,3.95095,10,5,30,10
../maps/random-32-32-20.map,H-PIBT,50,1000,1,0,2.048,0.01706,0,0,0,0,0.0137164,3.64395,10,5,30,10
../maps/random-32-32-20.map,H-PIBT,50,1000,2,0,2.086,0.0182,0,0,0,0,0.0135858,3.62789,10,5,30,10
../maps/random-32-32-20.map,H-PIBT,50,1000,3,0,1.872,0.0664,18,0,0,0,0.0135385,6.68479,10,5,30,10
../maps/random-32-32-20.map,H-PIBT,50,1000,4,0,2.029,0.01714,0,0,0,0,0.013208,3.74748,10,5,30,10
../maps/random-32-32-20.map,H-PIBT,50,1000,5,0,2.025,0.01776,0,0,0,0,0.013507,3.36601,10,5,30,10
../maps/random-32-32-20.map,WPP,50,1000,1,0,1.75,0.1894,4,0,0,0,0.180822,3.67696,10,5,30,10
../maps/random-32-32-20.map,WPP,50,1000,2,0,1.767,0.16512,0,0,0,0,0.153596,2.90248,10,5,30,10
../maps/random-32-32-20.map,WPP,50,1000,3,0,1.682,0.20218,6,0,0,0,0.181103,5.51275,10,5,30,10
../maps/sortation_small.map,H-PIBT+Recover,600,1000,5,0,12.061,0.131872,96,96,0,0,3.94702,1.82245,0,0,30,10
../maps/random-32-32-20.map,WPP,50,1000,4,0,1.821,0.16822,0,0,0,0,0.165668,2.48266,10,5,30,10
../maps/random-32-32-20.map,WPP,50,1000,5,0,1.77,0.17062,2,0,0,0,0.158073,2.43311,10,5,30,10
../maps/random-32-32-20.map,CA-PIBT,50,1000,1,0,1.99,0.01846,3,3,0,0,0.115591,3.58887,10,5,30,10
../maps/random-32-32-20.map,CA-PIBT,50,1000,2,0,2.026,0.01546,0,0,0,0,0.113088,2.9681,10,5,30,10
../maps/random-32-32-20.map,CA-PIBT,50,1000,3,0,2.06,0.01846,2,2,0,0,0.110967,3.43511,10,5,30,10
../maps/random-32-32-20.map,CA-PIBT,50,1000,4,0,2.054,0.01598,0,0,0,0,0.110076,3.80442,10,5,30,10
../maps/random-32-32-20.map,CA-PIBT,50,1000,5,0,1.971,0.02076,6,6,0,0,0.11874,3.36506,10,5,30,10
../maps/random-32-32-20.map,CA-PIBT-noRecover,50,1000,1,0,1.962,0.04794,5,0,0,0,0.116618,5.6659,10,5,30,10
../maps/random-32-32-20.map,CA-PIBT-noRecover,50,1000,2,0,2.026,0.01546,0,0,0,0,0.111835,2.9681,10,5,30,10
../maps/random-32-32-20.map,CA-PIBT-noRecover,50,1000,3,0,2.045,0.0219,2,0,0,0,0.112236,3.45977,10,5,30,10
../maps/random-32-32-20.map,CA-PIBT-noRecover,50,1000,4,0,2.054,0.01598,0,0,0,0,0.109232,3.80442,10,5,30,10
../maps/random-32-32-20.map,CA-PIBT-noRecover,50,1000,5,0,1.98,0.01898,4,0,0,0,0.115216,3.52136,10,5,30,10
../maps/random-32-32-20.map,CA-PIBT-noHighway,50,1000,1,0,2.073,0.01708,0,0,0,0,0.0912014,3.78,10,5,30,10
../maps/random-32-32-20.map,CA-PIBT-noHighway,50,1000,2,0,2.061,0.016,0,0,0,0,0.0822811,2.5713,10,5,30,10
../maps/random-32-32-20.map,CA-PIBT-noHighway,50,1000,3,0,2.045,0.01706,0,0,0,0,0.0849629,3.13847,10,5,30,10
../maps/random-32-32-20.map,CA-PIBT-noHighway,50,1000,4,0,2.036,0.01642,0,0,0,0,0.0835733,3.40024,10,5,30,10
../maps/random-32-32-20.map,CA-PIBT-noHighway,50,1000,5,0,2.044,0.0192,6,6,0,0,0.0835698,3.17263,10,5,30,10
../maps/random-32-32-20.map,H-PIBT+Recover,50,1000,1,0,2.048,0.01706,0,0,0,0,0.103473,3.64395,0,0,30,10
../maps/random-32-32-20.map,H-PIBT+Recover,50,1000,2,0,2.086,0.0182,0,0,0,0,0.101273,3.62789,0,0,30,10
../maps/random-32-32-20.map,H-PIBT+Recover,50,1000,3,0,2.006,0.0189,2,2,0,0,0.105166,3.40376,0,0,30,10
../maps/random-32-32-20.map,H-PIBT+Recover,50,1000,4,0,2.029,0.01714,0,0,0,0,0.106685,3.74748,0,0,30,10
../maps/random-32-32-20.map,PIBT,100,1000,1,0,1.946,0.47834,113,0,0,0,0.0263683,3.37171,10,5,30,10
../maps/random-32-32-20.map,PIBT,100,1000,2,0,3.386,0.09759,60,0,0,0,0.0268615,3.50434,10,5,30,10
../maps/random-32-32-20.map,H-PIBT+Recover,50,1000,5,0,2.025,0.01776,0,0,0,0,0.107495,3.36601,0,0,30,10
../maps/random-32-32-20.map,PIBT,100,1000,3,0,1.329,0.63997,130,0,0,0,0.0237591,2.91306,10,5,30,10
../maps/random-32-32-20.map,PIBT,100,1000,4,0,3.388,0.11378,35,0,0,0,0.0272738,5.79531,10,5,30,10
../maps/random-32-32-20.map,PIBT,100,1000,5,0,1.471,0.55893,153,0,0,0,0.0271403,3.84004,10,5,30,10
../maps/random-32-32-20.map,H-PIBT,100,1000,1,0,2.484,0.23717,240,0,0,0,0.0290646,5.40133,10,5,30,10
../maps/random-32-32-20.map,H-PIBT,100,1000,2,0,3.387,0.0998,84,0,0,0,0.0309699,3.9183,10,5,30,10
../maps/random-32-32-20.map,H-PIBT,100,1000,3,0,2.817,0.22533,167,0,0,0,0.0285641,7.98505,10,5,30,10
../maps/random-32-32-20.map,H-PIBT,100,1000,4,0,2.67,0.28765,127,0,0,0,0.028159,4.39659,10,5,30,10
../maps/random-32-32-20.map,H-PIBT,100,1000,5,0,3.078,0.16378,146,0,0,0,0.0290033,4.05852,10,5,30,10
../maps/random-32-32-20.map,WPP,100,1000,1,0,2.941,0.28193,60,0,0,0,0.747515,6.9442,10,5,30,10
../maps/random-32-32-20.map,WPP,100,1000,3,0,3.433,0.17051,3,0,0,0,0.444257,2.57703,10,5,30,10
../maps/random-32-32-20.map,WPP,100,1000,2,0,2.408,0.39853,79,0,0,0,1.5274,7.90149,10,5,30,10
../maps/random-32-32-20.map,WPP,100,1000,4,0,2.997,0.26659,35,0,0,0,0.735567,8.0814,10,5,30,10
../maps/random-32-32-20.map,WPP,100,1000,5,0,3.137,0.23817,26,0,0,0,0.622459,7.21755,10,5,30,10
../maps/random-32-32-20.map,CA-PIBT,100,1000,1,0,3.863,0.03713,5,5,0,0,0.241857,3.13578,10,5,30,10
../maps/random-32-32-20.map,CA-PIBT,100,1000,2,0,3.858,0.03968,5,5,0,0,0.241484,2.87465,10,5,30,10
../maps/random-32-32-20.map,CA-PIBT,100,1000,3,0,3.806,0.03818,7,7,0,0,0.252748,3.3461,10,5,30,10
../maps/random-32-32-20.map,CA-PIBT,100,1000,4,0,3.938,0.03542,0,0,0,0,0.232466,3.36089,10,5,30,10
../maps/random-32-32-20.map,CA-PIBT,100,1000,5,0,3.837,0.03598,0,0,0,0,0.24298,3.49758,10,5,30,10
../maps/random-32-32-20.map,CA-PIBT-noRecover,100,1000,1,0,3.902,0.04138,7,0,0,0,0.241524,3.57765,10,5,30,10
../maps/random-32-32-20.map,CA-PIBT-noRecover,100,1000,2,0,2.587,0.32111,109,0,0,0,0.37712,9.41027,10,5,30,10
../maps/random-32-32-20.map,CA-PIBT-noRecover,100,1000,3,0,3.366,0.11943,73,0,0,0,0.289722,5.61466,10,5,30,10
../maps/random-32-32-20.map,CA-PIBT-noRecover,100,1000,4,0,3.938,0.03542,0,0,0,0,0.23645,3.36089,10,5,30,10
../maps/random-32-32-20.map,CA-PIBT-noRecover,100,1000,5,0,3.837,0.03598,0,0,0,0,0.244709,3.49758,10,5,30,10
../maps/random-32-32-20.map,CA-PIBT-noHighway,100,1000,1,0,3.954,0.03763,14,14,0,0,0.198263,3.47108,10,5,30,10
../maps/random-32-32-20.map,CA-PIBT-noHighway,100,1000,2,0,3.914,0.03958,13,13,0,0,0.19262,3.20319,10,5,30,10
../maps/random-32-32-20.map,CA-PIBT-noHighway,100,1000,3,0,3.958,0.03625,4,4,0,0,0.184183,3.22546,10,5,30,10
../maps/random-32-32-20.map,CA-PIBT-noHighway,100,1000,4,0,3.97,0.03596,3,3,0,0,0.176751,3.39853,10,5,30,10
../maps/random-32-32-20.map,CA-PIBT-noHighway,100,1000,5,0,3.817,0.03959,13,13,0,0,0.186576,3.74715,10,5,30,10
../maps/random-32-32-20.map,H-PIBT+Recover,100,1000,1,0,3.826,0.04326,4,4,0,0,0.230469,3.5032,0,0,30,10
../maps/random-32-32-20.map,H-PIBT+Recover,100,1000,2,0,3.776,0.04149,4,4,0,0,0.233614,3.14363,0,0,30,10
../maps/random-32-32-20.map,H-PIBT+Recover,100,1000,3,0,3.799,0.04614,13,13,0,0,0.230606,2.96478,0,0,30,10
../maps/random-32-32-20.map,H-PIBT+Recover,100,1000,4,0,3.874,0.04025,4,4,0,0,0.228795,3.07773,0,0,30,10
../maps/random-32-32-20.map,PIBT,150,1000,1,0,1.869,0.646967,221,0,0,0,0.0378039,4.35986,10,5,30,10
../maps/random-32-32-20.map,PIBT,150,1000,2,0,1.44,0.69914,195,0,0,0,0.0384957,3.28634,10,5,30,10
../maps/random-32-32-20.map,PIBT,150,1000,3,0,2.54,0.494027,215,0,0,0,0.0469338,3.0804,10,5,30,10
../maps/random-32-32-20.map,PIBT,150,1000,4,0,1.644,0.678507,166,0,0,0,0.038109,4.26908,10,5,30,10
../maps/random-32-32-20.map,H-PIBT+Recover,100,1000,5,0,3.671,0.06297,58,58,0,0,0.243653,3.55892,0,0,30,10
../maps/random-32-32-20.map,PIBT,150,1000,5,0,1.673,0.492467,754,0,0,0,0.0432086,6.13703,10,5,30,10
../maps/random-32-32-20.map,H-PIBT,150,1000,1,0,2.098,0.478067,454,0,0,0,0.0477555,6.02106,10,5,30,10
../maps/random-32-32-20.map,H-PIBT,150,1000,2,0,2.917,0.33204,428,0,0,0,0.0454226,4.94441,10,5,30,10
../maps/random-32-32-20.map,H-PIBT,150,1000,4,0,1.819,0.443633,576,0,0,0,0.0499814,4.94004,10,5,30,10
../maps/random-32-32-20.map,H-PIBT,150,1000,3,0,3.44,0.263907,353,0,0,0,0.0447879,6.50709,10,5,30,10
../maps/random-32-32-20.map,H-PIBT,150,1000,5,0,2.187,0.407187,461,0,0,0,0.0503295,5.50184,10,5,30,10
../maps/random-32-32-20.map,WPP,150,1000,2,0,4.574,0.207887,37,0,28,0,1.38467,4.58512,10,5,30,10
../maps/random-32-32-20.map,WPP,150,1000,1,0,2.937,0.488087,152,0,407,0,5.1788,7.42722,10,5,30,10
../maps/random-32-32-20.map,WPP,150,1000,3,0,1.241,0.7671,150,0,48442,0,14.5545,2.63539,10,5,30,10
../maps/random-32-32-20.map,WPP,150,1000,4,0,2.006,0.654473,150,0,7577,0,17.8057,6.55393,10,5,30,10
../maps/random-32-32-20.map,CA-PIBT,150,1000,1,0,5.46,0.0673533,23,23,0,0,0.402283,3.2,10,5,30,10
../maps/random-32-32-20.map,CA-PIBT,150,1000,2,0,5.508,0.0643133,1,1,0,0,0.398059,3.07272,10,5,30,10
../maps/random-32-32-20.map,CA-PIBT,150,1000,3,0,5.447,0.06362,4,4,0,0,0.407206,2.95553,10,5,30,10
../maps/random-32-32-20.map,CA-PIBT,150,1000,4,0,5.375,0.0654133,10,10,0,0,0.409231,2.87846,10,5,30,10
../maps/random-32-32-20.map,CA-PIBT,150,1000,5,0,5.396,0.0687733,15,15,0,0,0.414799,2.67568,10,5,30,10
../maps/random-32-32-20.map,CA-PIBT-noRecover,150,1000,1,0,4.042,0.294,206,0,0,0,0.548393,8.31528,10,5,30,10
../maps/random-32-32-20.map,WPP,150,1000,5,0,3.603,0.368047,141,0,3443,0,14.0134,7.28329,10,5,30,10
../maps/random-32-32-20.map,CA-PIBT-noRecover,150,1000,2,0,5.417,0.0713133,8,0,0,0,0.403042,3.15497,10,5,30,10
../maps/random-32-32-20.map,CA-PIBT-noRecover,150,1000,3,0,4.084,0.266253,264,0,0,0,0.5508,7.6395,10,5,30,10
../maps/random-32-32-20.map,CA-PIBT-noRecover,150,1000,4,0,4.785,0.159293,97,0,0,0,0.470286,5.59255,10,5,30,10
../maps/random-32-32-20.map,CA-PIBT-noRecover,150,1000,5,0,2.501,0.540067,253,0,0,0,0.762464,7.38421,10,5,30,10
../maps/random-32-32-20.map,CA-PIBT-noHighway,150,1000,1,0,5.533,0.0674933,37,37,0,0,0.308697,3.29148,10,5,30,10
../maps/random-32-32-20.map,CA-PIBT-noHighway,150,1000,2,0,5.486,0.0621867,20,20,0,0,0.319552,2.98071,10,5,30,10
../maps/random-32-32-20.map,CA-PIBT-noHighway,150,1000,3,0,5.601,0.0609333,15,15,0,0,0.30391,3.04813,10,5,30,10
../maps/random-32-32-20.map,CA-PIBT-noHighway,150,1000,4,0,5.441,0.0711,54,54,0,0,0.316884,3.3663,10,5,30,10
../maps/random-32-32-20.map,CA-PIBT-noHighway,150,1000,5,0,5.573,0.0584267,15,15,0,0,0.303185,2.89767,10,5,30,10
../maps/random-32-32-20.map,H-PIBT+Recover,150,1000,1,0,5.276,0.08288,38,38,0,0,0.389254,2.87227,0,0,30,10
../maps/random-32-32-20.map,H-PIBT+Recover,150,1000,2,0,4.895,0.11604,261,261,0,0,0.424437,5.66441,0,0,30,10
../maps/random-32-32-20.map,H-PIBT+Recover,150,1000,3,0,5.273,0.0761867,22,22,0,0,0.390665,2.90686,0,0,30,10
../maps/random-32-32-20.map,H-PIBT+Recover,150,1000,4,0,5.105,0.0871333,55,55,0,0,0.40119,3.07336,0,0,30,10
../maps/random-32-32-20.map,PIBT,200,1000,1,0,4.561,0.24744,370,0,0,0,0.0574076,3.56749,10,5,30,10
../maps/random-32-32-20.map,PIBT,200,1000,2,0,1.533,0.720305,419,0,0,0,0.0529583,3.15955,10,5,30,10
../maps/random-32-32-20.map,PIBT,200,1000,3,0,1.289,0.76526,418,0,0,0,0.0571196,2.92694,10,5,30,10
../maps/random-32-32-20.map,PIBT,200,1000,4,0,2.526,0.536805,490,0,0,0,0.0548318,4.77316,10,5,30,10
../maps/random-32-32-20.map,PIBT,200,1000,5,0,1.244,0.74657,576,0,0,0,0.0531989,3.2437,10,5,30,10
../maps/random-32-32-20.map,H-PIBT+Recover,150,1000,5,0,5.277,0.0722667,11,11,0,0,0.396083,2.8707,0,0,30,10
../maps/random-32-32-20.map,H-PIBT,200,1000,1,0,2.262,0.4419,768,0,0,0,0.0625953,4.2958,10,5,30,10
../maps/random-32-32-20.map,H-PIBT,200,1000,2,0,3.163,0.407685,511,0,0,0,0.0614517,4.2545,10,5,30,10
../maps/random-32-32-20.map,H-PIBT,200,1000,3,0,2.738,0.33534,981,0,0,0,0.0656,4.88405,10,5,30,10
../maps/random-32-32-20.map,H-PIBT,200,1000,5,0,1.469,0.53426,710,0,0,0,0.0635231,3.56875,10,5,30,10
../maps/random-32-32-20.map,H-PIBT,200,1000,4,0,3.615,0.332235,567,0,0,0,0.0692751,6.72305,10,5,30,10
../maps/random-32-32-20.map,WPP,200,1000,1,0,2.866,0.51883,258,0,33653,0,19.3149,4.4058,10,5,30,10
../maps/random-32-32-20.map,WPP,200,1000,2,0,2.587,0.59072,233,0,17222,0,23.389,5.53722,10,5,30,10
../maps/random-32-32-20.map,WPP,200,1000,3,0,1.99,0.66125,250,0,48202,0,20.9444,3.80493,10,5,30,10
../maps/random-32-32-20.map,WPP,200,1000,4,0,2.847,0.51268,264,0,41433,0,24.5707,3.88069,10,5,30,10
../maps/random-32-32-20.map,CA-PIBT,200,1000,1,0,6.685,0.10404,43,43,0,0,0.585421,2.97058,10,5,30,10
../maps/random-32-32-20.map,CA-PIBT,200,1000,2,0,6.788,0.10082,24,24,0,0,0.589369,2.74343,10,5,30,10
../maps/random-32-32-20.map,CA-PIBT,200,1000,3,0,6.717,0.100935,9,9,0,0,0.583053,2.96357,10,5,30,10
../maps/random-32-32-20.map,CA-PIBT,200,1000,4,0,6.564,0.103135,47,47,0,0,0.612831,2.84035,10,5,30,10
../maps/random-32-32-20.map,CA-PIBT,200,1000,5,0,6.737,0.097055,10,10,0,0,0.59657,2.95225,10,5,30,10
../maps/random-32-32-20.map,WPP,200,1000,5,0,3.518,0.42322,335,0,31936,0,15.5963,4.09901,10,5,30,10
../maps/random-32-32-20.map,CA-PIBT-noRecover,200,1000,1,0,2.95,0.424935,622,0,0,0,1.02787,6.81671,10,5,30,10
../maps/random-32-32-20.map,CA-PIBT-noRecover,200,1000,2,0,4.103,0.41211,295,0,0,0,0.869084,5.15847,10,5,30,10
../maps/random-32-32-20.map,CA-PIBT-noRecover,200,1000,3,0,2.992,0.547475,314,0,0,0,0.990104,6.82923,10,5,30,10
../maps/random-32-32-20.map,CA-PIBT-noRecover,200,1000,4,0,3.853,0.45475,268,0,0,0,0.916008,6.33915,10,5,30,10
../maps/random-32-32-20.map,CA-PIBT-noRecover,200,1000,5,0,4.027,0.42283,329,0,0,0,0.87159,5.69972,10,5,30,10
../maps/random-32-32-20.map,CA-PIBT-noHighway,200,1000,1,0,6.806,0.09386,47,47,0,0,0.477771,3.11915,10,5,30,10
../maps/random-32-32-20.map,CA-PIBT-noHighway,200,1000,2,0,6.771,0.09621,104,104,0,0,0.457421,3.72075,10,5,30,10
../maps/random-32-32-20.map,CA-PIBT-noHighway,200,1000,3,0,6.671,0.10429,90,90,0,0,0.461001,3.33301,10,5,30,10
../maps/random-32-32-20.map,CA-PIBT-noHighway,200,1000,4,0,6.713,0.090395,52,52,0,0,0.454965,2.83651,10,5,30,10
../maps/random-32-32-20.map,CA-PIBT-noHighway,200,1000,5,0,6.687,0.102075,88,88,0,0,0.462215,3.24897,10,5,30,10
../maps/random-32-32-20.map,H-PIBT+Recover,200,1000,1,0,5.352,0.171815,374,374,0,0,0.692444,3.5146,0,0,30,10
../maps/random-32-32-20.map,H-PIBT+Recover,200,1000,2,0,3.981,0.24127,1306,1306,0,0,0.837836,4.41995,0,0,30,10
../maps/random-32-32-20.map,H-PIBT+Recover,200,1000,3,0,5.611,0.147065,243,243,0,0,0.653068,3.07115,0,0,30,10
../maps/random-32-32-20.map,H-PIBT+Recover,200,1000,4,0,5.976,0.130005,80,80,0,0,0.620651,3.08149,0,0,30,10
../maps/random-32-32-20.map,PIBT,250,1000,1,0,2.91,0.402384,1498,0,0,0,0.0758916,4.63103,10,5,30,10
../maps/random-32-32-20.map,PIBT,250,1000,2,0,2.162,0.499044,1318,0,0,0,0.0751863,4.85264,10,5,30,10
../maps/random-32-32-20.map,PIBT,250,1000,3,0,2.109,0.657576,705,0,0,0,0.0693712,2.92539,10,5,30,10
../maps/random-32-32-20.map,PIBT,250,1000,4,0,2.019,0.64334,803,0,0,0,0.0694882,3.1544,10,5,30,10
../maps/random-32-32-20.map,PIBT,250,1000,5,0,2.944,0.334148,1577,0,0,0,0.0802791,4.74782,10,5,30,10
../maps/random-32-32-20.map,H-PIBT,250,1000,1,0,2.353,0.42896,1210,0,0,0,0.0780973,3.87534,10,5,30,10
../maps/random-32-32-20.map,H-PIBT+Recover,200,1000,5,0,5.846,0.134185,118,118,0,0,0.622509,3.16814,0,0,30,10
../maps/random-32-32-20.map,H-PIBT,250,1000,2,0,2.675,0.430248,943,0,0,0,0.0776128,4.3352,10,5,30,10
../maps/random-32-32-20.map,H-PIBT,250,1000,4,0,2.124,0.392584,1329,0,0,0,0.0811482,4.09414,10,5,30,10
../maps/random-32-32-20.map,H-PIBT,250,1000,3,0,4.074,0.28878,957,0,0,0,0.0805684,3.72993,10,5,30,10
../maps/random-32-32-20.map,H-PIBT,250,1000,5,0,3.097,0.351132,1096,0,0,0,0.0799492,3.55717,10,5,30,10
../maps/random-32-32-20.map,WPP,250,1000,1,0,2.572,0.587404,431,0,65578,0,30.0892,3.47405,10,5,30,10
../maps/random-32-32-20.map,WPP,250,1000,2,0,1.166,0.704944,529,0,88741,0,35.2111,2.96902,10,5,30,10
../maps/random-32-32-20.map,WPP,250,1000,3,0,2.214,0.561572,461,0,65648,0,31.6214,3.13102,10,5,30,10
../maps/random-32-32-20.map,WPP,250,1000,4,0,1.354,0.693104,393,0,81728,0,31.4138,2.5665,10,5,30,10
../maps/random-32-32-20.map,CA-PIBT,250,1000,1,0,7.259,0.156984,287,287,0,0,0.83646,5.02262,10,5,30,10
../maps/random-32-32-20.map,CA-PIBT,250,1000,2,0,7.469,0.141024,70,70,0,0,0.811783,2.80511,10,5,30,10
../maps/random-32-32-20.map,CA-PIBT,250,1000,3,0,7.433,0.142712,75,75,0,0,0.80365,2.84608,10,5,30,10
../maps/random-32-32-20.map,CA-PIBT,250,1000,4,0,7.431,0.140444,75,75,0,0,0.827837,2.86493,10,5,30,10
../maps/random-32-32-20.map,CA-PIBT,250,1000,5,0,7.565,0.13964,65,65,0,0,0.816089,2.79292,10,5,30,10
../maps/random-32-32-20.map,CA-PIBT-noRecover,250,1000,1,0,3.677,0.50862,579,0,0,0,1.25502,5.17907,10,5,30,10
../maps/random-32-32-20.map,CA-PIBT-noRecover,250,1000,2,0,6.415,0.23314,324,0,0,0,0.947571,3.99204,10,5,30,10
../maps/random-32-32-20.map,CA-PIBT-noRecover,250,1000,3,0,3.178,0.603936,437,0,0,0,1.28058,4.9101,10,5,30,10
../maps/random-32-32-20.map,CA-PIBT-noRecover,250,1000,4,0,4.435,0.441968,384,0,0,0,1.1566,4.55372,10,5,30,10
../maps/random-32-32-20.map,CA-PIBT-noRecover,250,1000,5,0,6.421,0.21692,306,0,0,0,0.929093,5.33068,10,5,30,10
../maps/random-32-32-20.map,CA-PIBT-noHighway,250,1000,1,0,7.922,0.117748,68,68,0,0,0.603871,2.88975,10,5,30,10
../maps/random-32-32-20.map,CA-PIBT-noHighway,250,1000,2,0,7.81,0.116072,56,56,0,0,0.613495,2.70378,10,5,30,10
../maps/random-32-32-20.map,CA-PIBT-noHighway,250,1000,3,0,7.858,0.124128,90,90,0,0,0.609157,2.90884,10,5,30,10
../maps/random-32-32-20.map,CA-PIBT-noHighway,250,1000,4,0,7.806,0.121024,74,74,0,0,0.609587,2.57018,10,5,30,10
../maps/random-32-32-20.map,CA-PIBT-noHighway,250,1000,5,0,7.632,0.12848,139,139,0,0,0.62562,2.89572,10,5,30,10
../maps/random-32-32-20.map,WPP,250,1000,5,0,2.061,0.592456,388,0,65318,0,31.093,2.13927,10,5,30,10
../maps/random-32-32-20.map,H-PIBT+Recover,250,1000,1,0,5.443,0.21186,847,847,0,0,0.976306,4.58083,0,0,30,10
../maps/random-32-32-20.map,H-PIBT+Recover,250,1000,2,0,4.789,0.232676,1411,1411,0,0,1.06166,5.07422,0,0,30,10
../maps/random-32-32-20.map,H-PIBT+Recover,250,1000,3,0,5.99,0.178436,410,410,0,0,0.910679,3.03947,0,0,30,10
../maps/random-32-32-20.map,H-PIBT+Recover,250,1000,4,0,6.536,0.15658,191,191,0,0,0.869397,2.68984,0,0,30,10
../maps/random-32-32-20.map,PIBT,300,1000,1,0,2.793,0.44465,1603,0,0,0,0.0925607,3.54032,10,5,30,10
../maps/random-32-32-20.map,PIBT,300,1000,2,0,2.148,0.622613,1026,0,0,0,0.0943752,3.49682,10,5,30,10
../maps/random-32-32-20.map,PIBT,300,1000,3,0,4.659,0.310893,1190,0,0,0,0.0914042,3.66366,10,5,30,10
../maps/random-32-32-20.map,H-PIBT+Recover,250,1000,5,0,5.299,0.205192,944,944,0,0,0.987083,3.07597,0,0,30,10
../maps/random-32-32-20.map,PIBT,300,1000,4,0,1.822,0.679543,1009,0,0,0,0.0885538,2.68228,10,5,30,10
../maps/random-32-32-20.map,PIBT,300,1000,5,0,3.843,0.410463,1313,0,0,0,0.0890877,3.52144,10,5,30,10
../maps/random-32-32-20.map,H-PIBT,300,1000,1,0,2.975,0.323017,1663,0,0,0,0.0994214,3.81703,10,5,30,10
../maps/random-32-32-20.map,H-PIBT,300,1000,2,0,3.158,0.376,1468,0,0,0,0.0970475,3.56127,10,5,30,10
../maps/random-32-32-20.map,H-PIBT,300,1000,4,0,3.847,0.34337,1317,0,0,0,0.096058,4.36564,10,5,30,10
../maps/random-32-32-20.map,H-PIBT,300,1000,3,0,4.394,0.279993,1361,0,0,0,0.0977797,3.35586,10,5,30,10
../maps/random-32-32-20.map,H-PIBT,300,1000,5,0,2.588,0.36107,1773,0,0,0,0.0971746,4.28493,10,5,30,10
../maps/random-32-32-20.map,WPP,300,1000,2,0,0.958,0.769553,828,0,118056,0,40.0479,2.07749,10,5,30,10
../maps/random-32-32-20.map,WPP,300,1000,1,0,0.949,0.675317,951,0,109220,0,41.1281,2.26053,10,5,30,10
../maps/random-32-32-20.map,WPP,300,1000,4,0,0.994,0.689547,836,0,108768,0,36.7233,2.59907,10,5,30,10
../maps/random-32-32-20.map,WPP,300,1000,3,0,0.843,0.75591,695,0,116869,0,39.0452,1.94094,10,5,30,10
../maps/random-32-32-20.map,CA-PIBT,300,1000,1,0,7.66,0.192667,420,420,0,0,1.12843,3.26837,10,5,30,10
../maps/random-32-32-20.map,CA-PIBT,300,1000,2,0,7.968,0.17885,228,228,0,0,1.10389,2.82484,10,5,30,10
../maps/random-32-32-20.map,CA-PIBT,300,1000,3,0,7.569,0.191683,295,295,0,0,1.12301,2.81255,10,5,30,10
../maps/random-32-32-20.map,CA-PIBT,300,1000,4,0,8,0.172543,145,145,0,0,1.09165,2.81819,10,5,30,10
../maps/random-32-32-20.map,CA-PIBT,300,1000,5,0,8.056,0.17382,178,178,0,0,1.08837,2.78899,10,5,30,10
../maps/random-32-32-20.map,CA-PIBT-noRecover,300,1000,1,0,5.909,0.26918,898,0,0,0,1.32248,5.59565,10,5,30,10
../maps/random-32-32-20.map,CA-PIBT-noRecover,300,1000,2,0,7.446,0.22086,289,0,0,0,1.14489,3.75956,10,5,30,10
../maps/random-32-32-20.map,CA-PIBT-noRecover,300,1000,3,0,4.072,0.406393,1051,0,0,0,1.51372,5.38869,10,5,30,10
../maps/random-32-32-20.map,CA-PIBT-noRecover,300,1000,4,0,5.693,0.33191,587,0,0,0,1.35054,5.4866,10,5,30,10
../maps/random-32-32-20.map,CA-PIBT-noRecover,300,1000,5,0,4.295,0.513447,616,0,0,0,1.47001,4.12832,10,5,30,10
../maps/random-32-32-20.map,CA-PIBT-noHighway,300,1000,1,0,6.641,0.212643,1155,1155,0,0,0.975252,5.94906,10,5,30,10
../maps/random-32-32-20.map,CA-PIBT-noHighway,300,1000,2,0,8.172,0.166233,260,260,0,0,0.853884,3.10737,10,5,30,10
../maps/random-32-32-20.map,CA-PIBT-noHighway,300,1000,3,0,7.502,0.184813,666,666,0,0,0.910983,3.897,10,5,30,10
../maps/random-32-32-20.map,CA-PIBT-noHighway,300,1000,4,0,6.318,0.229537,1506,1506,0,0,0.9991,4.89112,10,5,30,10
../maps/random-32-32-20.map,CA-PIBT-noHighway,300,1000,5,0,7.858,0.170473,390,390,0,0,0.863184,3.57994,10,5,30,10
../maps/random-32-32-20.map,WPP,300,1000,5,0,0.794,0.79516,518,0,120342,0,32.4858,1.71712,10,5,30,10
../maps/random-32-32-20.map,H-PIBT+Recover,300,1000,1,0,5.314,0.231037,1418,1418,0,0,1.29045,3.49921,0,0,30,10
../maps/random-32-32-20.map,H-PIBT+Recover,300,1000,2,0,6.291,0.20229,762,762,0,0,1.20568,3.20974,0,0,30,10
../maps/random-32-32-20.map,H-PIBT+Recover,300,1000,3,0,5.691,0.223387,1069,1069,0,0,1.25272,3.73217,0,0,30,10
../maps/random-32-32-20.map,H-PIBT+Recover,300,1000,4,0,5.808,0.220873,993,993,0,0,1.23194,3.41717,0,0,30,10
../maps/random-32-32-20.map,H-PIBT+Recover,300,1000,5,0,5.714,0.221683,1120,1120,0,0,1.25803,3.22457,0,0,30,10
